1896,Athens,1,Spyridon Louis,Greece,2:58:50,OR
1896,Athens,2,Charilaos Vasilakos,Greece,3:06:03,
1896,Athens,3,Gyula Kellner,Hungary,3:06:35,
1896,Athens,4,Ioannis Vrettos,Greece,Unknown,
1896,Athens,5,Eleftherios Papasymeon,Greece,Unknown,
1896,Athens,6,Dimitrios Deligiannis,Greece,Unknown,
1896,Athens,7,Evangelos Gerakeris,Greece,Unknown,
1896,Athens,8,Stamatios Masouris,Greece,Unknown,
1896,Athens,9,Sokratis Lagoudakis,Greece,Unknown,
1896,Athens,—,Edwin Flack,Australia,DNF,
1896,Athens,—,Albin Lermusiaux,France,DNF,
1896,Athens,—,Ioannis Lavrentis,Greece,DNF,
1896,Athens,—,Georgios Grigoriou,Greece,DNF,
1896,Athens,—,Arthur Blake,United States,DNF,
1896,Athens,—,Ilias Kafetzis,Greece,DNF,
1896,Athens,—,Dimitrios Christopoulos,Greece,DNF,
1896,Athens,DQ,Spyridon Belokas,Greece,3:06:30,
1900,Paris,1,Michel Théato,France,2:59:45,
1900,Paris,2,Émile Champion,France,3:04:17,
1900,Paris,3,Ernst Fast,Sweden,3:37:14,
1900,Paris,4,Eugène Besse,France,4:00:43,
1900,Paris,5,Arthur Newton,United States,4:04:12,
1900,Paris,6,Dick Grant,United States,Unknown,
1900,Paris,7,Ronald J. MacDonald,Canada,Unknown,
1900,Paris,—,Auguste Marchais,France,DNF,
1900,Paris,—,Emilio Banfi,Italy,DNS,
1904,St. Louis,1,Thomas Hicks,United States,3:28:53,
1904,St. Louis,2,Albert Corey,France,3:34:52,
1904,St. Louis,3,Arthur Newton,United States,3:47:33,
1904,St. Louis,4,Andarín Carvajal,Cuba,Unknown,
1904,St. Louis,DSQ,Frederick Lorz,United States,3:13:00,
1904,St. Louis,—,Edward P. Carr,United States,DNF,
1904,St. Louis,—,Louis Crancer,United States,DNS,
1908,London,1,Johnny Hayes,United States,2:55:18.4,WR
1908,London,2,Charles Hefferon,South Africa,2:56:06.0,
1908,London,3,Joseph Forshaw,United States,2:57:10.4,
1908,London,4,Alton Welton,United States,2:59:44.4,
1908,London,5,William Wood,Canada,3:01:44.0,
1908,London,6,Frederick Simpson,Canada,3:04:28.2,
1908,London,7,Harry Lawson,Canada,3:06:47.2,
1908,London,8,John Svanberg,Sweden,3:07:50.8,
1908,London,9,Lewis Tewanima,United States,3:09:15.0,
1908,London,10,Kalle Nieminen,Finland,3:09:50.8,
1908,London,11,Jack Caffery,Canada,3:12:46.0,
1908,London,12,William Clarke,Great Britain,3:16:08.6,
1908,London,13,Ernest Barnes,Great Britain,3:17:30.8,
1908,London,14,Sidney Hatch,United States,3:17:52.4,
1908,London,15,Frederick Lord,Great Britain,3:19:08.8,
1908,London,16,William Goldsboro,Canada,3:20:07.0,
1908,London,17,James Beale,Great Britain,3:20:14.0,
1908,London,18,Arnošt Nejedlý,Bohemia,3:26:26.2,
1908,London,19,Georg Lind,Russian Empire,[n 1],
1908,London,20,Willem Wakker,Netherlands,3:28:49.0,
1908,London,21,Gustaf Törnros,Sweden,3:30:20.8,
1908,London,22,George Goulding,Canada,3:33:26.4,
1908,London,23,Julius Jørgensen,Denmark,3:47:44.0,
1908,London,24,Arthur Burn,Canada,3:50:17.0,
1908,London,25,Emmerich Rath,Austria,3:50:30.4,
1908,London,26,Rudy Hansen,Denmark,3:53:15.0,
1908,London,27,George Lister,Canada,4:22:45.0,
1908,London,—,Victor Aitken,Australasia,DNF,
1912,Stockholm,1,Ken McArthur,South Africa,2:36:54.8,OR
1912,Stockholm,2,Christian Gitsham,South Africa,2:37:52.0,
1912,Stockholm,3,Gaston Strobino,United States,2:38:42.4,
1912,Stockholm,4,Andrew Sockalexis,United States,2:42:07.9,
1912,Stockholm,5,James Duffy,Canada,2:42:18.8,
1912,Stockholm,6,Sigfrid Jacobsson,Sweden,2:43:24.9,
1912,Stockholm,7,John Gallagher,United States,2:44:19.4,
1912,Stockholm,8,Joseph Erxleben,United States,2:45:47.2,
1912,Stockholm,9,Richard Piggott,United States,2:46:40.7,
1912,Stockholm,10,Joseph Forshaw,United States,2:49:49.4,
1912,Stockholm,11,Édouard Fabre,Canada,2:50:36.2,
1912,Stockholm,12,Clarence DeMar,United States,2:50:46.6,
1912,Stockholm,13,Renon Boissière,France,2:51:06.6,
1912,Stockholm,14,Henry Green,Great Britain,2:52:11.4,
1912,Stockholm,15,William Forsyth,Canada,2:52:23.0,
1912,Stockholm,16,Lewis Tewanima,United States,2:52:41.4,
1912,Stockholm,17,Harry Smith,United States,2:52:53.8,
1912,Stockholm,18,Thomas Lilley,United States,2:59:35.4,
1912,Stockholm,19,Arthur Townsend,Great Britain,3:00:05.0,
1912,Stockholm,20,Felix Kwieton,Austria,3:00:48.0,
1912,Stockholm,21,Frederick Lord,Great Britain,3:01:39.2,
1912,Stockholm,22,Jacob Westberg,Sweden,3:02:05.2,
1912,Stockholm,23,Axel Simonsen,Norway,3:04:59.4,
1912,Stockholm,24,Carl Andersson,Sweden,3:06:13.0,
1912,Stockholm,25,Edgar Lloyd,Great Britain,3:09:25.0,
1912,Stockholm,26,Iraklis Sakellaropoulos,Greece,3:11:37.0,
1912,Stockholm,27,Hjalmar Dahlberg,Sweden,3:13:32.2,
1912,Stockholm,28,Ivar Lundberg,Sweden,3:16:35.2,
1912,Stockholm,29,Johannes Christensen,Denmark,3:21:57.4,
1912,Stockholm,30,Olaf Lodal,Denmark,3:21:57.6,
1912,Stockholm,31,Ödön Kárpáti,Hungary,3:25:21.6,
1912,Stockholm,32,Carl Nilsson,Sweden,3:26:56.4,
1912,Stockholm,33,Emmerich Rath,Austria,3:27:03.8,
1912,Stockholm,34,Otto Osen,Norway,3:36:35.2,
1912,Stockholm,35,Elmar Reimann,Russia,Unknown,
1912,Stockholm,36,Shizo Kanakuri,Japan,54:08:06:05:32:20.3,
1912,Stockholm,—,Alexis Ahlgren,Sweden,DNF,
1912,Stockholm,—,Ben Allel,France,DNS,
1920,Antwerp,1,Hannes Kolehmainen,Finland,2:32:35.8,WR
1920,Antwerp,2,Jüri Lossmann,Estonia,2:32:48.6,
1920,Antwerp,3,Valerio Arri,Italy,2:36:32.8,
1920,Antwerp,4,Auguste Broos,Belgium,2:39:25.8,
1920,Antwerp,5,Juho Tuomikoski,Finland,2:40:18.8,
1920,Antwerp,6,Sofus Rose,Denmark,2:41:18.0,
1920,Antwerp,7,Joseph Organ,United States,2:41:30.0,
1920,Antwerp,8,Rudolf Hansen,Denmark,2:41:39.4,
1920,Antwerp,9,Urho Tallgren,Finland,2:42:40.0,
1920,Antwerp,10,Tatu Kolehmainen,Finland,2:44:02.3,
1920,Antwerp,11,Carl Linder,United States,2:44:21.2,
1920,Antwerp,12,Charles Mellor,United States,2:45:30.0,
1920,Antwerp,13,James Dellow,Canada,2:46:47.0,
1920,Antwerp,14,Bobby Mills,Great Britain,2:48:05.0,
1920,Antwerp,15,Arthur Scholes,Canada,2:48:30.0,
1920,Antwerp,16,Shizo Kanakuri,Japan,2:48:45.4,
1920,Antwerp,17,Gustav Kinn,Sweden,2:49:10.4,
1920,Antwerp,18,Albert Moché,France,2:50:00.2,
1920,Antwerp,19,Phadeppa Chaugle,India,2:50:45.4,
1920,Antwerp,20,Zensaku Motegi,Japan,2:51:09.4,
1920,Antwerp,21,Kenzo Yashima,Japan,2:57:02.0,
1920,Antwerp,22,Norman General,Canada,2:58:01.0,
1920,Antwerp,23,Rudolf Wåhlin,Sweden,2:59:23.0,
1920,Antwerp,24,Yahei Miura,Japan,2:59:37.0,
1920,Antwerp,25,Henri Teyssedou,France,3:00:04.0,
1920,Antwerp,26,Hendricus Wessel,Netherlands,3:00:17.0,
1920,Antwerp,27,Charles Melis,Belgium,3:00:51.0,
1920,Antwerp,28,William Grüner,Sweden,3:01:48.0,
1920,Antwerp,29,George Piper,Great Britain,3:02:10.0,
1920,Antwerp,30,Sinton Hewitt,Australia,3:03:27.0,
1920,Antwerp,31,Leslie Housden,Great Britain,3:14:25.0,
1920,Antwerp,32,Iraklis Sakellaropoulos,Greece,3:14:25.0,
1920,Antwerp,33,Juan Bascuñán,Chile,3:17:47.0,
1920,Antwerp,34,Oscar Blansaer,Belgium,3:20:00.0,
1920,Antwerp,35,Eric Robertson,Great Britain,3:55:00.0,
1920,Antwerp,—,Ettore Blasi,Italy,DNF,
1924,Paris,1,Albin Stenroos,Finland,2:41:22.6,
1924,Paris,2,Romeo Bertini,Italy,2:47:19.6,
1924,Paris,3,Clarence DeMar,United States,2:48:14.0,
1924,Paris,4,Lauri Halonen,Finland,2:49:47.4,
1924,Paris,5,Sam Ferris,Great Britain,2:52:26.0,
1924,Paris,6,Manuel Plaza,Chile,2:52:54.0,
1924,Paris,7,Boughéra El-Ouafi,France,2:54:19.6,
1924,Paris,8,Gustav Kinn,Sweden,2:54:33.4,
1924,Paris,9,Dionisio Carreras,Spain,2:57:18.4,
1924,Paris,10,Jüri Lossman,Estonia,2:57:54.6,
1924,Paris,11,Axel Jensen,Denmark,2:58:44.8,
1924,Paris,12,Jean-Baptiste Manhès,France,3:00:34.0,
1924,Paris,13,John Cuthbert,Canada,3:00:44.6,
1924,Paris,14,Victor McAuley,Canada,3:02:05.4,
1924,Paris,15,Marcel Alavoine,Belgium,3:03:20.0,
1924,Paris,16,Frank Wendling,United States,3:05:09.8,
1924,Paris,17,Arthur Farrimond,Great Britain,3:05:15.0,
1924,Paris,18,Frank Zuna,United States,3:05:52.2,
1924,Paris,19,Harry Phillips,South Africa,3:07:13.0,
1924,Paris,20,Augustinus Broos,Belgium,3:14:03.0,
1924,Paris,21,Waldemar Karlsson,Sweden,3:14:21.4,
1924,Paris,22,Tullio Biscuola,Italy,3:19:05.0,
1924,Paris,23,William Churchill,United States,3:19:18.0,
1924,Paris,24,Mohammed Ghermati,France,3:20:27.0,
1924,Paris,25,Charles Mellor,United States,3:24:07.0,
1924,Paris,26,Pierre-Georges LeClercq,Belgium,3:27:54.0,
1924,Paris,27,Jack McKenna,Great Britain,3:30:40.0,
1924,Paris,28,Antal Lovas,Hungary,3:35:24.0,
1924,Paris,29,Mahadeo Singh,India,3:37:36.0,
1924,Paris,30,Elmar Reimann,Estonia,3:40:52.0,
1924,Paris,—,Ernesto Alciati,Italy,DNF,
1924,Paris,—,José Andía,Spain,DNS,
1928,Amsterdam,1,Boughera El Ouafi,France,2:32:57,
1928,Amsterdam,2,Manuel Plaza,Chile,2:33:23,
1928,Amsterdam,3,Martti Marttelin,Finland,2:35:02,
1928,Amsterdam,4,Kanematsu Yamada,Japan,2:35:29,
1928,Amsterdam,5,Joie Ray,United States,2:36:04,
1928,Amsterdam,6,Seiichiro Tsuda,Japan,2:36:20,
1928,Amsterdam,7,Yrjö Korholin-Koski,Finland,2:36:40,
1928,Amsterdam,8,Sam Ferris,Great Britain,2:37:41,
1928,Amsterdam,9,Albert Michelsen,United States,2:38:56,
1928,Amsterdam,10,Clifford Bricker,Canada,2:39:24,
1928,Amsterdam,11,Harry Wood,Great Britain,2:41:15,
1928,Amsterdam,12,Verner Laaksonen,Finland,2:41:35,
1928,Amsterdam,13,Harry Payne,Great Britain,2:42:39,
1928,Amsterdam,14,Eino Rastas,Finland,2:43:08,
1928,Amsterdam,15,Väinö Sipilä,Finland,2:43:08,
1928,Amsterdam,16,Alois Krof,Czechoslovakia,2:43:18,
1928,Amsterdam,17,Johnny Miles,Canada,2:43:32,
1928,Amsterdam,18,Léon Broers,Belgium,2:44:37,
1928,Amsterdam,19,Hans Stelges,Germany,2:45:27,
1928,Amsterdam,20,Dunky Wright,Great Britain,2:45:30,
1928,Amsterdam,21,Herbert Bignall,Great Britain,2:45:44,
1928,Amsterdam,22,Ernest Harper,Great Britain,2:45:44,
1928,Amsterdam,23,Jean Gérault,France,2:46:08,
1928,Amsterdam,24,Ilmari Kuokka,Finland,2:46:34,
1928,Amsterdam,25,Gustav Kinn,Sweden,2:47:35,
1928,Amsterdam,26,Silas McLellan,Canada,2:49:33,
1928,Amsterdam,27,Clarence DeMar,United States,2:50:42,
1928,Amsterdam,28,Marcel Denis,France,2:51:15,
1928,Amsterdam,29,Guillaume Tell,France,2:51:18,
1928,Amsterdam,30,Henri Landheer,Netherlands,2:51:59,
1928,Amsterdam,31,Paul Hempel,Germany,2:52:01,
1928,Amsterdam,32,Aurelio Terrazas,Mexico,2:52:22,
1928,Amsterdam,33,František Zyka,Czechoslovakia,2:52:42,
1928,Amsterdam,34,Giuseppe Ferrera,Italy,2:53:10,
1928,Amsterdam,35,José Torres,Mexico,2:54:00,
1928,Amsterdam,36,Johan Støa,Norway,2:54:15,
1928,Amsterdam,37,Gerard Steuers,Belgium,2:54:48,
1928,Amsterdam,38,Artūrs Motmillers,Latvia,2:56:45,
1928,Amsterdam,39,James Henigan,United States,2:56:50,
1928,Amsterdam,40,Matthew Steytler,South Africa,2:57:21,
1928,Amsterdam,41,Harvey Frick,United States,2:57:24,
1928,Amsterdam,42,Jean Linssen,Belgium,2:58:08,
1928,Amsterdam,43,Frank Hughes,Canada,2:58:12,
1928,Amsterdam,44,William Agee,United States,2:58:50,
1928,Amsterdam,45,Percy Wyer,Canada,2:58:52,
1928,Amsterdam,46,Georg Hoerger,Germany,2:59:01,
1928,Amsterdam,47,Kurt Schneider,Germany,2:59:36,
1928,Amsterdam,48,Juichi Nagatani,Japan,3:03:34,
1928,Amsterdam,49,József Galambos,Hungary,3:05:58,
1928,Amsterdam,50,Paul Gerhardt,Germany,3:09:30,
1928,Amsterdam,51,Gottlieb Bach,Denmark,3:10:10,
1928,Amsterdam,52,Emilio Ferrer,Spain,3:11:05,
1928,Amsterdam,53,Dimitrije Stefanović,Yugoslavia,3:11:35,
1928,Amsterdam,54,Joop Vermeulen,Netherlands,3:13:47,
1928,Amsterdam,55,Pleun van Leenen,Netherlands,3:14:37,
1928,Amsterdam,56,Jean Marien,Belgium,3:16:13,
1928,Amsterdam,57,Willem van der Steen,Netherlands,3:19:53,
1928,Amsterdam,—,Axel Elofs,Sweden,DNF,
1928,Amsterdam,—,Seghir Beddari,France,DNS,
1932,Los Angeles,1,Juan Carlos Zabala,Argentina,2:31:36,OR
1932,Los Angeles,2,Sam Ferris,Great Britain,2:31:55,
1932,Los Angeles,3,Armas Toivonen,Finland,2:32:12,
1932,Los Angeles,4,Dunky Wright,Great Britain,2:32:41,
1932,Los Angeles,5,Seiichiro Tsuda,Japan,2:35:42,
1932,Los Angeles,6,Kim Un-bae,Japan,2:37:28,
1932,Los Angeles,7,Albert Michelsen,United States,2:39:38,
1932,Los Angeles,8,Oskar Hekš,Czechoslovakia,2:41:35,
1932,Los Angeles,9,Kwon Tae-ha,Japan,2:42:52,
1932,Los Angeles,10,Anders Hartington Andersen,Denmark,2:44:38,
1932,Los Angeles,11,Hans Oldag,United States,2:47:26,
1932,Los Angeles,12,Clifford Bricker,Canada,2:47:58,
1932,Los Angeles,13,Michele Fanelli,Italy,2:49:09,
1932,Los Angeles,14,Johnny Miles,Canada,2:50:32,
1932,Los Angeles,15,Paul de Bruyn,Germany,2:52:39,
1932,Los Angeles,16,François Bégeot,France,2:53:34,
1932,Los Angeles,17,Fernando Cicarelli,Argentina,2:55:49,
1932,Los Angeles,18,Eddie Cudworth,Canada,2:58:35,
1932,Los Angeles,19,João Clemente da Silva,Brazil,3:02:06,
1932,Los Angeles,20,Margarito Pomposo,Mexico,3:10:51,
1932,Los Angeles,—,José Ribas,Argentina,DNF,
1932,Los Angeles,—,René Bonich,Cuba,DNS,
1936,Berlin,1,Kitei Son,Japan,2:29:19.2,OR
1936,Berlin,2,Ernest Harper,Great Britain,2:31:23.2,
1936,Berlin,3,Shōryū Nan,Japan,2:31:42.0,
1936,Berlin,4,Erkki Tamila,Finland,2:32:45.0,
1936,Berlin,5,Väinö Muinonen,Finland,2:33:46.0,
1936,Berlin,6,Johannes Coleman,South Africa,2:36:17.0,
1936,Berlin,7,Donald Robertson,Great Britain,2:37:06.2,
1936,Berlin,8,Jackie Gibson,South Africa,2:38:04.0,
1936,Berlin,9,Mauno Tarkiainen,Finland,2:39:33.0,
1936,Berlin,10,Thore Enochsson,Sweden,2:43:12.0,
1936,Berlin,11,Stylianos Kyriakides,Greece,2:43:20.0,
1936,Berlin,12,Nouba Khaled,France,2:45:34.0,
1936,Berlin,13,Henry Palmé,Sweden,2:46:08.4,
1936,Berlin,14,Franz Tuschek,Austria,2:46:29.0,
1936,Berlin,15,Jimmy Bartlett,Canada,2:48:21.4,
1936,Berlin,16,Émile Duval,France,2:48:39.8,
1936,Berlin,17,Manuel Dias,Portugal,2:49:00.0,
1936,Berlin,18,Johnny Kelley,United States,2:49:32.4,
1936,Berlin,19,Miloslav Luňák,Czechoslovakia,2:50:26.0,
1936,Berlin,20,Felix Meskens,Belgium,2:51:19.0,
1936,Berlin,21,Ján Takáč,Czechoslovakia,2:51:20.0,
1936,Berlin,22,Rudolf Wöber,Austria,2:51:28.0,
1936,Berlin,23,Ludovic Gall,Romania,2:55:02.0,
1936,Berlin,24,Robert Nevens,Belgium,2:55:51.0,
1936,Berlin,25,Anders Hartington Andersen,Denmark,2:56:31.0,
1936,Berlin,26,Gabriel Mendoza,Peru,2:57:17.8,
1936,Berlin,27,Tommy Lalande,South Africa,2:57:20.0,
1936,Berlin,28,Artūrs Motmillers,Latvia,2:58:02.0,
1936,Berlin,29,Eduard Braesecke,Germany,2:59:33.4,
1936,Berlin,30,Percy Wyer,Canada,3:00:11.0,
1936,Berlin,31,Fernand Le Heurteur,France,3:01:11.0,
1936,Berlin,32,Wilhelm Rothmayer,Austria,3:02:32.0,
1936,Berlin,33,Bronisław Gancarz,Poland,3:03:11.0,
1936,Berlin,34,Max Beer,Switzerland,3:06:26.0,
1936,Berlin,35,Guillermo Suárez,Peru,3:08:18.0,
1936,Berlin,36,Boris Kharalampiev,Bulgaria,3:08:53.8,
1936,Berlin,37,Arul Swami,India,3:10:44.0,
1936,Berlin,38,Josef Šulc,Czechoslovakia,3:11:47.4,
1936,Berlin,39,Franz Eha,Switzerland,3:18:17.0,
1936,Berlin,40,Wang Zhenglin,Republic of China,3:25:36.4,
1936,Berlin,41,Stane Šporn,Yugoslavia,3:30:47.0,
1936,Berlin,42,José Farías,Peru,3:33:24.0,
1936,Berlin,—,Juan Acosta,Chile,DNF,
1936,Berlin,—,Vincent Callard,Canada,DNS,
1948,London,1,Delfo Cabrera,Argentina,2:34:51.6,
1948,London,2,Tom Richards,Great Britain,2:35:07.6,
1948,London,3,Étienne Gailly,Belgium,2:35:33.6,
1948,London,4,Johannes Coleman,South Africa,2:36:06.0,
1948,London,5,Eusebio Guiñez,Argentina,2:36:36.0,
1948,London,6,Syd Luyt,South Africa,2:38:11.0,
1948,London,7,Gustav Östling,Sweden,2:38:40.6,
1948,London,8,John Systad,Norway,2:38:41.0,
1948,London,9,Armando Sensini,Argentina,2:39:30.0,
1948,London,10,Henning Larsen,Denmark,2:41:22.0,
1948,London,11,Viljo Heino,Finland,2:41:32.0,
1948,London,12,Anders Melin,Sweden,2:42:20.0,
1948,London,13,Jussi Kurikkala,Finland,2:42:48.0,
1948,London,14,Ted Vogel,United States,2:45:27.0,
1948,London,15,Enrique Inostroza,Chile,2:47:48.0,
1948,London,16,Lloyd Evans,Canada,2:48:07.0,
1948,London,17,Gérard Côté,Canada,2:48:31.0,
1948,London,18,Stylianos Kyriakides,Greece,2:49:00.0,
1948,London,19,József Kiss,Hungary,2:50:20.0,
1948,London,20,Şevki Koru,Turkey,2:51:07.0,
1948,London,21,Johnny Kelley,United States,2:51:56.0,
1948,London,22,Kaspar Schiesser,Switzerland,2:52:09.0,
1948,London,23,Walter Fedorick,Canada,2:52:12.0,
1948,London,24,Ollie Manninen,United States,2:56:49.0,
1948,London,25,Hong Jong-o,South Korea,2:56:54.0,
1948,London,26,Paddy Mulvihill,Ireland,2:57:35.0,
1948,London,27,Suh Yun-bok,South Korea,2:59:36.0,
1948,London,28,Sven Håkansson,Sweden,3:00:09.0,
1948,London,29,Jakob Jutz,Switzerland,3:03:55.0,
1948,London,30,Stan Jones,Great Britain,3:09:16.0,
1948,London,—,Salvatore Constantino,Italy,DNF,
1948,London,—,José María Blay,Spain,DNS,
1952,Helsinki,1,Emil Zátopek,Czechoslovakia,2:23:03.2,OR
1952,Helsinki,2,Reinaldo Gorno,Argentina,2:25:35.0,
1952,Helsinki,3,Gustaf Jansson,Sweden,2:26:07.0,
1952,Helsinki,4,Choi Yun-Chil,South Korea,2:26:36.0,
1952,Helsinki,5,Veikko Karvonen,Finland,2:26:41.8,
1952,Helsinki,6,Delfo Cabrera,Argentina,2:26:42.4,
1952,Helsinki,7,József Dobronyi,Hungary,2:28:04.8,
1952,Helsinki,8,Erkki Puolakka,Finland,2:29:35.0,
1952,Helsinki,9,Geoffrey Iden,Great Britain,2:30:42.0,
1952,Helsinki,10,Wally Hayward,South Africa,2:31:50.2,
1952,Helsinki,11,Syd Luyt,South Africa,2:32:41.0,
1952,Helsinki,12,Gustaf Östling,Sweden,2:32:48.4,
1952,Helsinki,13,Victor Dyrgall,United States,2:32:52.4,
1952,Helsinki,14,Luis Celedón,Chile,2:33:45.8,
1952,Helsinki,15,Adrien van de Zande,Netherlands,2:33:50.0,
1952,Helsinki,16,Viktor Olsen,Norway,2:33:58.4,
1952,Helsinki,17,Mikko Hietanen,Finland,2:34:01.0,
1952,Helsinki,18,Charles Dewachtere,Belgium,2:34:32.0,
1952,Helsinki,19,William Keith,South Africa,2:34:38.0,
1952,Helsinki,20,Yakov Moskachenkov,Soviet Union,2:34:43.8,
1952,Helsinki,21,Mihály Esztergomi,Hungary,2:35:10.0,
1952,Helsinki,22,Doroteo Flores,Guatemala,2:35:40.0,
1952,Helsinki,23,Jean Simonet,Belgium,2:35:43.0,
1952,Helsinki,24,Jakob Kjersem,Norway,2:36:14.0,
1952,Helsinki,25,Katsuo Nishida,Japan,2:36:19.0,
1952,Helsinki,26,Keizo Yamada,Japan,2:38:11.2,
1952,Helsinki,27,Feodosy Vanin,Soviet Union,2:38:22.0,
1952,Helsinki,28,Grigory Suchkov,Soviet Union,2:38:28.8,
1952,Helsinki,29,Henry Norrström,Sweden,2:38:57.4,
1952,Helsinki,30,Dieter Engelhardt,Germany,2:39:37.2,
1952,Helsinki,31,Cristea Dinu,Romania,2:39:42.2,
1952,Helsinki,32,Jean Leblond,Belgium,2:40:37.0,
1952,Helsinki,33,Choi Chung-Sik,South Korea,2:41:23.0,
1952,Helsinki,34,John Systad,Norway,2:41:29.8,
1952,Helsinki,35,Jaroslav Šourek,Czechoslovakia,2:41:40.4,
1952,Helsinki,36,Tom Jones,United States,2:42:50.0,
1952,Helsinki,37,Robert Prentice,Australia,2:43:13.4,
1952,Helsinki,38,Muhammad Havlidar Aslam,Pakistan,2:43:38.2,
1952,Helsinki,39,Adolf Gruber,Austria,2:45:02.0,
1952,Helsinki,40,Paul Collins,Canada,2:45:58.0,
1952,Helsinki,41,Vasile Teodosiu,Romania,2:46:00.8,
1952,Helsinki,42,Erik Simonsen,Denmark,2:46:41.4,
1952,Helsinki,43,Ludwig Warnemünde,Germany,2:50:00.0,
1952,Helsinki,44,Ted Corbitt,United States,2:51:09.0,
1952,Helsinki,45,Claude Smeal,Australia,2:52:23.0,
1952,Helsinki,46,Asfò Bussotti,Italy,2:52:55.0,
1952,Helsinki,47,Winand Osiński,Poland,2:54:38.2,
1952,Helsinki,48,Olaf Sørensen,Denmark,2:55:21.0,
1952,Helsinki,49,Joseph West,Ireland,2:56:22.8,
1952,Helsinki,50,Rudolf Morgenthaler,Switzerland,2:56:33.0,
1952,Helsinki,51,Abdelgani Abdel Fattah,Egypt,2:56:56.0,
1952,Helsinki,52,Surat Mathur,India,2:58:09.2,
1952,Helsinki,53,Artidoro Berti,Italy,2:58:36.2,
1952,Helsinki,—,Ahmet Aytar,Turkey,DNF,
1952,Helsinki,—,Hans Frischknecht,Switzerland,DNS,
1956,Melbourne,1,Alain Mimoun,France,2:25:00,
1956,Melbourne,2,Franjo Mihalić,Yugoslavia,2:26:32,
1956,Melbourne,3,Veikko Karvonen,Finland,2:27:47,
1956,Melbourne,4,Lee Chang-Hoon,South Korea,2:28:45,
1956,Melbourne,5,Yoshiaki Kawashima,Japan,2:29:19,
1956,Melbourne,6,Emil Zátopek,Czechoslovakia,2:29:34,
1956,Melbourne,7,Ivan Filin,Soviet Union,2:30:37,
1956,Melbourne,8,Evert Nyberg,Sweden,2:31:12,
1956,Melbourne,9,Thomas Nilsson,Sweden,2:33:33,
1956,Melbourne,10,Eino Oksanen,Finland,2:36:10,
1956,Melbourne,11,Arnold Vaide,Sweden,2:36:21,
1956,Melbourne,12,Choi Chunk-Sik,South Korea,2:36:53,
1956,Melbourne,13,Paavo Kotila,Finland,2:38:59,
1956,Melbourne,14,Mercer Davies,South Africa,2:39:48,
1956,Melbourne,15,Harry Hicks,Great Britain,2:39:55,
1956,Melbourne,16,Hideo Hamamura,Japan,2:40:53,
1956,Melbourne,17,Albert Richards,New Zealand,2:41:34,
1956,Melbourne,18,John Russell,Australia,2:41:44,
1956,Melbourne,19,Lothar Beckert,United Team of Germany,2:42:10,
1956,Melbourne,20,Nick Costes,United States,2:42:20,
1956,Melbourne,21,John J. Kelley,United States,2:43:40,
1956,Melbourne,22,Muhamad Havlidar Aslam,Pakistan,2:44:33,
1956,Melbourne,23,Adolf Gruber,Austria,2:46:20,
1956,Melbourne,24,Aurèle Vandendriessche,Belgium,2:47:18,
1956,Melbourne,25,Keith Ollerenshaw,Australia,2:48:12,
1956,Melbourne,26,Myitung Naw,Burma,2:49:32,
1956,Melbourne,27,Pavel Kantorek,Czechoslovakia,2:52:05,
1956,Melbourne,28,Kurt Hartung,United Team of Germany,2:52:14,
1956,Melbourne,29,Bashay Feleke,Ethiopia,2:53:37,
1956,Melbourne,30,Abdul Rashid,Pakistan,2:57:47,
1956,Melbourne,31,Kanuti Sum,Kenya,2:58:42,
1956,Melbourne,32,Gebre Birkay,Ethiopia,2:58:49,
1956,Melbourne,33,Kurao Hiroshima,Japan,3:04:17,
1956,Melbourne,—,Giuseppe Lavelli,Italy,DNF,
1956,Melbourne,—,Demissie Gamatcho,Ethiopia,DNS,
1960,Rome,1,Abebe Bikila,Ethiopia,2:15:16.2,WR
1960,Rome,2,Rhadi Ben Abdesselam,Morocco,2:15:41.6,
1960,Rome,3,Barry Magee,New Zealand,2:17:18.2,
1960,Rome,4,Konstantin Vorobyov,Soviet Union,2:19:09.6,
1960,Rome,5,Sergey Popov,Soviet Union,2:19:18.8,
1960,Rome,6,Thyge Thøgersen,Denmark,2:21:03.4,
1960,Rome,7,Abebe Wakgira,Ethiopia,2:21:09.4,
1960,Rome,8,Bakir Benaïssa,Morocco,2:21:21.4,
1960,Rome,9,Osvaldo Suárez,Argentina,2:21:26.6,
1960,Rome,10,Franjo Škrinjar,Yugoslavia,2:21:40.2,
1960,Rome,11,Nikolay Rumyantsev,Soviet Union,2:21:49.4,
1960,Rome,12,Franjo Mihalić,Yugoslavia,2:21:52.6,
1960,Rome,13,Keith James,South Africa,2:22:58.6,
1960,Rome,14,Pavel Kantorek,Czechoslovakia,2:22:59.8,
1960,Rome,15,Gumersindo Gómez,Argentina,2:23:00.0,
1960,Rome,16,Denis O'Gorman,Great Britain,2:24:16.2,
1960,Rome,17,Miguel Navarro,Spain,2:24:17.4,
1960,Rome,18,Jeff Julian,New Zealand,2:24:50.6,
1960,Rome,19,John J. Kelley,United States,2:24:58.0,
1960,Rome,20,Lee Chang-hoon,South Korea,2:25:02.2,
1960,Rome,21,Arnold Vaide,Sweden,2:25:40.2,
1960,Rome,22,Gerry McIntyre,Ireland,2:26:03.0,
1960,Rome,23,Olavi Manninen,Finland,2:26:33.0,
1960,Rome,24,Eino Oksanen,Finland,2:26:38.0,
1960,Rome,25,Arthur Keily,Great Britain,2:27:00.0,
1960,Rome,26,Tor Torgersen,Norway,2:27:30.0,
1960,Rome,27,Myitung Naw,Burma,2:28:17.0,
1960,Rome,28,Bruno Bartholome,United Team of Germany,2:28:39.0,
1960,Rome,29,Brian Kilby,Great Britain,2:28:55.0,
1960,Rome,30,Alex Breckenridge,United States,2:29:38.0,
1960,Rome,31,Kurao Hiroshima,Japan,2:29:40.0,
1960,Rome,32,Kazumi Watanabe,Japan,2:29:45.0,
1960,Rome,33,Juan Silva,Chile,2:31:18.0,
1960,Rome,34,Alain Mimoun,France,2:31:20.0,
1960,Rome,35,Paul Genève,France,2:31:20.0,
1960,Rome,36,Frans Künen,Netherlands,2:31:25.0,
1960,Rome,37,Francesco Perrone,Italy,2:31:32.0,
1960,Rome,38,Silvio De Florentis,Italy,2:31:54.0,
1960,Rome,39,Linus Diaz,Ceylon,2:32:12.0,
1960,Rome,40,Lal Chand,India,2:32:13.0,
1960,Rome,41,Johannes Lauridsen,Denmark,2:32:32.0,
1960,Rome,42,Willie Dunne,Ireland,2:33:08.0,
1960,Rome,43,Ian Sinfield,Australia,2:34:16.0,
1960,Rome,44,Arthur Wittwer,Switzerland,2:34:42.2,
1960,Rome,45,Jagmal Singh,India,2:35:01.0,
1960,Rome,46,Nobuyoshi Sadanaga,Japan,2:35:11.0,
1960,Rome,47,Lee Sang-cheol,South Korea,2:35:14.0,
1960,Rome,48,Gordon McKenzie,United States,2:35:16.0,
1960,Rome,49,Ahmed Labidi,Tunisia,2:35:43.0,
1960,Rome,50,Walter Lemos,Argentina,2:36:55.0,
1960,Rome,51,Ray Puckett,New Zealand,2:37:36.0,
1960,Rome,52,Dolfi Gruber,Austria,2:37:40.0,
1960,Rome,53,Antti Viskari,Finland,2:38:06.0,
1960,Rome,54,Allan Lawrence,Australia,2:38:46.0,
1960,Rome,55,Gordon Dickson,Canada,2:38:46.0,
1960,Rome,56,Lothar Beckert,United Team of Germany,2:40:10.0,
1960,Rome,57,Günter Havenstein,United Team of Germany,2:41:14.0,
1960,Rome,58,Evert Nyberg,Sweden,2:42:59.0,
1960,Rome,59,Arap Sum Kanuti,Kenya,2:46:55.2,
1960,Rome,60,Ranjit Bhatia,India,2:57:06.0,
1960,Rome,61,Allal Saoudi,Morocco,2:59:41.0,
1960,Rome,62,Alifu Massaquoi,Liberia,3:43:18.0,
1960,Rome,—,Hedi Dhaoui,Tunisia,DNF,
1960,Rome,—,Constantin Grecescu,Romania,DNS,
1964,Tokyo,1,Abebe Bikila,Ethiopia,2:12:11.2,WR
1964,Tokyo,2,Basil Heatley,Great Britain,2:16:19.2,
1964,Tokyo,3,Kōkichi Tsuburaya,Japan,2:16:22.8,
1964,Tokyo,4,Brian Kilby,Great Britain,2:17:02.4,
1964,Tokyo,5,József Sütő,Hungary,2:17:55.8,
1964,Tokyo,6,Leonard Edelen,United States,2:18:12.4,
1964,Tokyo,7,Aurèle Vandendriessche,Belgium,2:18:42.6,
1964,Tokyo,8,Kenji Kimihara,Japan,2:19:49.0,
1964,Tokyo,9,Ron Clarke,Australia,2:20:26.8,
1964,Tokyo,10,Demissie Wolde,Ethiopia,2:21:25.2,
1964,Tokyo,11,Lee Sang-hun,South Korea,2:22:02.8,
1964,Tokyo,12,Bakir Benaïssa,Morocco,2:22:27.0,
1964,Tokyo,13,Eino Oksanen,Finland,2:22:36.0,
1964,Tokyo,14,Billy Mills,United States,2:22:55.4,
1964,Tokyo,15,Toru Terasawa,Japan,2:23:09.0,
1964,Tokyo,16,Kim Yun-Bum,South Korea,2:24:40.6,
1964,Tokyo,17,Giorgio Jegher,Italy,2:24:45.2,
1964,Tokyo,18,Václav Chudomel,Czechoslovakia,2:24:46.8,
1964,Tokyo,19,Ron Hill,Great Britain,2:25:34.4,
1964,Tokyo,20,Paavo Pystynen,Finland,2:26:00.6,
1964,Tokyo,21,Fidel Negrete,Mexico,2:26:07.0,
1964,Tokyo,22,Nikolay Tikhomirov,Soviet Union,2:26:07.4,
1964,Tokyo,23,Pete McArdle,United States,2:26:24.4,
1964,Tokyo,24,Heinrich Hagen,United Team of Germany,2:26:39.8,
1964,Tokyo,25,Pavel Kantorek,Czechoslovakia,2:26:47.2,
1964,Tokyo,26,Nikolay Abramov,Soviet Union,2:27:09.4,
1964,Tokyo,27,Ray Puckett,New Zealand,2:27:34.0,
1964,Tokyo,28,Eino Valle,Finland,2:27:34.8,
1964,Tokyo,29,Jeff Julian,New Zealand,2:27:57.6,
1964,Tokyo,30,Ricardo Vidal,Chile,2:28:01.6,
1964,Tokyo,31,Robert Vagg,Australia,2:28:41.0,
1964,Tokyo,32,Guido Vögele,Switzerland,2:29:17.8,
1964,Tokyo,33,Balkrishan Akotkar,India,2:29:27.4,
1964,Tokyo,34,Jean Aniset,Luxembourg,2:29:52.6,
1964,Tokyo,35,Thin Sumbwegam,Burma,2:30:35.8,
1964,Tokyo,36,Constantin Grecescu,Romania,2:30:42.6,
1964,Tokyo,37,Janos Pinter,Hungary,2:30:50.2,
1964,Tokyo,38,Gerhard Hönicke,United Team of Germany,2:33:23.0,
1964,Tokyo,39,Manfred Naumann,United Team of Germany,2:33:42.0,
1964,Tokyo,40,Antonio Ambu,Italy,2:34:37.6,
1964,Tokyo,41,Oskar Leupi,Switzerland,2:35:05.4,
1964,Tokyo,42,Ivan Keats,New Zealand,2:36:16.8,
1964,Tokyo,43,Harbans Lal,India,2:37:05.8,
1964,Tokyo,44,Armando Aldegalega,Portugal,2:38:02.2,
1964,Tokyo,45,Chrisantus Nyakwayo,Kenya,2:38:38.6,
1964,Tokyo,46,Constantino Kapambwe,Northern Rhodesia,2:39:28.4,
1964,Tokyo,47,Omari Abdallah,Tanzania,2:40:06.0,
1964,Tokyo,48,Muhammad Youssef,Pakistan,2:40:46.0,
1964,Tokyo,49,Naftali Temu,Kenya,2:40:46.6,
1964,Tokyo,50,Ju Hyeong-gyeol,South Korea,2:41:08.2,
1964,Tokyo,51,Mathias Kanda,Rhodesia,2:41:09.0,
1964,Tokyo,52,Anthony Cook,Australia,2:42:03.6,
1964,Tokyo,53,Víctor Peralta,Mexico,2:44:23.6,
1964,Tokyo,54,Trevor Haynes,Northern Rhodesia,2:45:08.6,
1964,Tokyo,55,Abe Fornés,Puerto Rico,2:46:22.6,
1964,Tokyo,56,Robson Mrombe,Rhodesia,2:49:30.8,
1964,Tokyo,57,Laurent Chifita,Northern Rhodesia,2:51:52.2,
1964,Tokyo,58,Chanom Sirirangsri,Thailand,2:59:25.6,
1964,Tokyo,—,Ganga Bahadur Thapa,Nepal,DNF,
1964,Tokyo,—,Jean Louis Brougier,France,DNS,
1968,Mexico City,1,Mamo Wolde,Ethiopia,2:20:26,
1968,Mexico City,2,Kenji Kimihara,Japan,2:23:31,
1968,Mexico City,3,Mike Ryan,New Zealand,2:23:45,
1968,Mexico City,4,İsmail Akçay,Turkey,2:25:18,
1968,Mexico City,5,Bill Adcocks,Great Britain,2:25:33,
1968,Mexico City,6,Gabrou Merawi,Ethiopia,2:27:16,
1968,Mexico City,7,Derek Clayton,Australia,2:27:23,
1968,Mexico City,8,Tim Johnston,Great Britain,2:28:04,
1968,Mexico City,9,Akio Usami,Japan,2:28:06,
1968,Mexico City,10,Andy Boychuk,Canada,2:28:40,
1968,Mexico City,11,Gaston Roelants,Belgium,2:29:04,
1968,Mexico City,12,Pat McMahon,Ireland,2:29:21,
1968,Mexico City,13,Alfredo Peñaloza,Mexico,2:29:48,
1968,Mexico City,14,Kenny Moore,United States,2:29:49,
1968,Mexico City,15,Jürgen Busch,East Germany,2:30:42,
1968,Mexico City,16,George Young,United States,2:31:15,
1968,Mexico City,17,Manfred Steffny,West Germany,2:31:23,
1968,Mexico City,18,Thin Sumbwegam,Burma,2:32:22,
1968,Mexico City,19,Naftali Temu,Kenya,2:32:36,
1968,Mexico City,20,Maurice Peiren,Belgium,2:32:49,
1968,Mexico City,21,Antonio Ambu,Italy,2:33:19,
1968,Mexico City,22,Ron Daws,United States,2:33:53,
1968,Mexico City,23,Karl-Heinz Sievers,West Germany,2:34:11,
1968,Mexico City,24,Gyula Tóth,Hungary,2:34:49,
1968,Mexico City,25,Hüseyin Aktaş,Turkey,2:35:09,
1968,Mexico City,26,Pablo Garrido,Mexico,2:35:47,
1968,Mexico City,27,Aad Steylen,Netherlands,2:37:42,
1968,Mexico City,28,Anatoly Sukharkov,Soviet Union,2:38:07,
1968,Mexico City,29,Lee Myeong-jeong,South Korea,2:38:52,
1968,Mexico City,30,Ivaylo Sharankov,Bulgaria,2:39:49,
1968,Mexico City,31,Gioacchino De Palma,Italy,2:39:58,
1968,Mexico City,32,Josef Gwerder,Switzerland,2:40:16,
1968,Mexico City,33,Hubert Riesner,West Germany,2:41:29,
1968,Mexico City,34,Georg Olsen,Denmark,2:42:24,
1968,Mexico City,35,Douglas Zinkala,Zambia,2:42:51,
1968,Mexico City,36,Ezequiel Baeza,Chile,2:43:15,
1968,Mexico City,37,Dave McKenzie,New Zealand,2:43:36,
1968,Mexico City,38,Kim Bong-nae,South Korea,2:43:56,
1968,Mexico City,39,Carlos Cuque,Guatemala,2:45:20,
1968,Mexico City,40,Godwin Kalimbwe,Zambia,2:45:26,
1968,Mexico City,41,Mick Molloy,Ireland,2:48:13,
1968,Mexico City,42,Nikola Simeonov,Bulgaria,2:48:30,
1968,Mexico City,43,John Farrington,Australia,2:50:16,
1968,Mexico City,44,Helmut Kunisch,Switzerland,2:50:58,
1968,Mexico City,45,Alifu Massaquoi,Sierra Leone,2:52:28,
1968,Mexico City,46,Lee Sang-Hoon,South Korea,2:52:46,
1968,Mexico City,47,Hla Thein,Burma,2:54:03,
1968,Mexico City,48,Paul Mose,Kenya,2:55:17,
1968,Mexico City,49,Benjamin Silva-Netto,Philippines,2:56:19,
1968,Mexico City,50,Harry Prowell,Guyana,2:57:01,
1968,Mexico City,51,Wimalasena Perera,Ceylon,2:59:05,
1968,Mexico City,52,Fulgencio Hernández,Guatemala,3:00:40,
1968,Mexico City,53,Gustavo Gutiérrez,Ecuador,3:03:07,
1968,Mexico City,54,Martin Ande,Nigeria,3:03:47,
1968,Mexico City,55,Mustafa Musa,Uganda,3:04:53,
1968,Mexico City,56,Enoch Muemba,Zambia,3:06:16,
1968,Mexico City,57,John Stephen Akhwari,Tanzania,3:25:17,
1968,Mexico City,—,Carlos Pérez,Spain,DNF,
1968,Mexico City,—,Hernán Barreneche,Colombia,DNS,
1972,Munich,1,Frank Shorter,United States,2:12:19,
1972,Munich,2,Karel Lismont,Belgium,2:14:31,
1972,Munich,3,Mamo Wolde,Ethiopia,2:15:08,
1972,Munich,4,Kenny Moore,United States,2:15:39,
1972,Munich,5,Kenji Kimihara,Japan,2:16:27,
1972,Munich,6,Ron Hill,Great Britain,2:16:30,
1972,Munich,7,Donald MacGregor,Great Britain,2:16:34,
1972,Munich,8,Jack Foster,New Zealand,2:16:56,
1972,Munich,9,Jack Bacheler,United States,2:17:38,
1972,Munich,10,Lengissa Bedane,Ethiopia,2:18:36,
1972,Munich,11,Seppo Nikkari,Finland,2:18:49,
1972,Munich,12,Akio Usami,Japan,2:18:58,
1972,Munich,13,Derek Clayton,Australia,2:19:49,
1972,Munich,14,Yury Velikorodnykh,Soviet Union,2:20:02,
1972,Munich,15,Anatolijus Baranovas,Soviet Union,2:20:10,
1972,Munich,16,Paul Angenvoorth,West Germany,2:20:19,
1972,Munich,17,Richard Mabuza,Swaziland,2:20:39,
1972,Munich,18,Demissie Wolde,Ethiopia,2:20:44,
1972,Munich,19,Reino Paukkonen,Finland,2:21:06,
1972,Munich,20,Colin Kirkham,Great Britain,2:21:54,
1972,Munich,21,Antonio Brutti,Italy,2:22:12,
1972,Munich,22,Dave McKenzie,New Zealand,2:22:19,
1972,Munich,23,Daniel McDaid,Ireland,2:22:25,
1972,Munich,24,Renato Martini,Italy,2:22:41,
1972,Munich,25,Eckhard Lesse,East Germany,2:22:49,
1972,Munich,26,Jacinto Sabinal,Mexico,2:22:56,
1972,Munich,27,Gyula Tóth,Hungary,2:22:59,
1972,Munich,28,Fernand Kolbeck,France,2:23:01,
1972,Munich,29,Hernán Barreneche,Colombia,2:23:40,
1972,Munich,30,Jørgen Jensen,Denmark,2:24:00,
1972,Munich,31,Manfred Steffny,West Germany,2:24:25,
1972,Munich,32,Lutz Philipp,West Germany,2:24:25,
1972,Munich,33,Ferenc Szekeres,Hungary,2:25:17,
1972,Munich,34,Terry Manners,New Zealand,2:25:29,
1972,Munich,35,Ihor Shcherbak,Soviet Union,2:25:37,
1972,Munich,36,Yoshiaki Unetani,Japan,2:25:59,
1972,Munich,37,Kim Chang-son,North Korea,2:26:45,
1972,Munich,38,Franco De Menego,Italy,2:26:52,
1972,Munich,39,Agustín Fernández,Spain,2:27:14,
1972,Munich,40,Edward Stawiarz,Poland,2:28:12,
1972,Munich,41,Armando Aldegalega,Portugal,2:28:24,
1972,Munich,42,Desmond McGann,Ireland,2:28:31,
1972,Munich,43,Carlos Cuque,Guatemala,2:28:37,
1972,Munich,44,Alfons Sidler,Switzerland,2:29:09,
1972,Munich,45,Alfredo Penaloza,Mexico,2:29:51,
1972,Munich,46,Walter Van Renterghem,Belgium,2:29:58,
1972,Munich,47,Donald Walsh,Ireland,2:31:12,
1972,Munich,48,Álvaro Mejía,Colombia,2:31:56,
1972,Munich,49,Ryu Man-hyong,North Korea,2:32:29,
1972,Munich,50,Carlos Pérez,Spain,2:33:22,
1972,Munich,51,Rafael Tadeo,Mexico,2:35:48,
1972,Munich,52,Víctor Mora,Colombia,2:37:34,
1972,Munich,53,Fernando Molina,Argentina,2:38:18,
1972,Munich,54,Julio Quevedo,Guatemala,2:40:38,
1972,Munich,55,Ramón Cabrera,Argentina,2:42:37,
1972,Munich,56,Matthews Kambale,Malawi,2:45:50,
1972,Munich,57,Hla Thein,Burma,2:48:53,
1972,Munich,58,Ricardo Condori,Bolivia,2:56:11,
1972,Munich,59,Fulgence Rwabu,Uganda,2:57:04,
1972,Munich,60,Bhakta Bahadur Sapkota,Nepal,2:57:58,
1972,Munich,61,Crispin Quispe,Bolivia,3:07:22,
1972,Munich,62,Maurice Charlotin,Haiti,3:29:21,
1972,Munich,—,Gaston Roelants,Belgium,DNF,
1972,Munich,—,Hüseyin Aktaş,Turkey,DNS,
1976,Montreal,1,Waldemar Cierpinski,East Germany,2:09:55,OR
1976,Montreal,2,Frank Shorter,United States,2:10:45,
1976,Montreal,3,Karel Lismont,Belgium,2:11:12,
1976,Montreal,4,Don Kardong,United States,2:11:15,
1976,Montreal,5,Lasse Virén,Finland,2:13:10,
1976,Montreal,6,Jerome Drayton,Canada,2:13:30,
1976,Montreal,7,Leonid Moseyev,Soviet Union,2:13:33,
1976,Montreal,8,Franco Fava,Italy,2:14:24,
1976,Montreal,9,Aleksandr Gotsky,Soviet Union,2:15:34,
1976,Montreal,10,Henri Schoofs,Belgium,2:15:52,
1976,Montreal,11,Shivnath Singh,India,2:16:22,
1976,Montreal,12,Chang Sop-choe,North Korea,2:16:33,
1976,Montreal,13,Massimo Magnani,Italy,2:16:56,
1976,Montreal,14,Göran Bengtsson,Sweden,2:17:39,
1976,Montreal,15,Kazimierz Orzeł,Poland,2:17:43,
1976,Montreal,16,Håkan Spik,Finland,2:17:50,
1976,Montreal,17,Jack Foster,New Zealand,2:17:53,
1976,Montreal,18,Mario Cuevas,Mexico,2:18:08,
1976,Montreal,19,Rodolfo Gómez,Mexico,2:18:21,
1976,Montreal,20,Shigeru So,Japan,2:18:26,
1976,Montreal,21,Noriyasu Mizukami,Japan,2:18:44,
1976,Montreal,22,Anacleto Pinto,Portugal,2:18:53,
1976,Montreal,23,José de Jesús,Puerto Rico,2:19:34,
1976,Montreal,24,Yuri Velikorodny,Soviet Union,2:19:45,
1976,Montreal,25,Jos Hermens,Netherlands,2:19:48,
1976,Montreal,26,Jeffrey Norman,Great Britain,2:20:04,
1976,Montreal,27,Jukka Toivola,Finland,2:20:46,
1976,Montreal,28,Jørgen Jensen,Denmark,2:20:44,
1976,Montreal,29,Mikhail Koussis,Greece,2:21:42,
1976,Montreal,30,Tom Howard,Canada,2:22:08,
1976,Montreal,31,Keith Angus,Great Britain,2:22:18,
1976,Montreal,32,Akio Usami,Japan,2:22:29,
1976,Montreal,33,Rigoberto Mendoza,Cuba,2:22:43,
1976,Montreal,34,Fernand Kolbeck,France,2:22:56,
1976,Montreal,35,Chris Wardlaw,Australia,2:23:56,
1976,Montreal,36,Wayne Yetman,Canada,2:24:17,
1976,Montreal,37,Hüseyin Aktaş,Turkey,2:24:30,
1976,Montreal,38,Veli Balli,Turkey,2:24:47,
1976,Montreal,39,James McNamara,Ireland,2:24:57,
1976,Montreal,40,Bill Rodgers,United States,2:25:14,
1976,Montreal,41,Hipólito López,Honduras,2:26:00,
1976,Montreal,42,Danny McDaid,Ireland,2:27:07,
1976,Montreal,43,Eusebio Cardoso,Paraguay,2:27:22,
1976,Montreal,44,Kim Chang-Son,North Korea,2:27:38,
1976,Montreal,45,Barry Watson,Great Britain,2:28:32,
1976,Montreal,46,Agustin Fernández-Diaz,Spain,2:28:37,
1976,Montreal,47,Jerzy Gros,Poland,2:28:45,
1976,Montreal,48,Jairo Cubillos,Colombia,2:29:04,
1976,Montreal,49,Luis Raudales,Honduras,2:29:25,
1976,Montreal,50,Baikuntha Manandhar,Nepal,2:30:07,
1976,Montreal,51,Antonio Baños,Spain,2:31:01,
1976,Montreal,52,Koh Chun-son,North Korea,2:31:54,
1976,Montreal,53,Víctor Serrano,Puerto Rico,2:34:59,
1976,Montreal,54,Günter Mielke,West Germany,2:35:44,
1976,Montreal,55,Neil Cusack,Ireland,2:35:47,
1976,Montreal,56,Tau John Tokwepota,Papua New Guinea,2:38:04,
1976,Montreal,57,Víctor Idava,Philippines,2:38:23,
1976,Montreal,58,Raymond Swan,Bermuda,2:39:18,
1976,Montreal,59,John Kokinai,Papua New Guinea,2:41:49,
1976,Montreal,60,Lucio Guachalla,Bolivia,2:45:31,
1976,Montreal,—,David Chettle,Australia,DNF,
1976,Montreal,—,Charles Olemus,Haiti,DNS,
1980,Moscow,1,Waldemar Cierpinski,East Germany,2:11:03,
1980,Moscow,2,Gerard Nijboer,Netherlands,2:11:20,
1980,Moscow,3,Satymkul Dzhumanazarov,Soviet Union,2:11:35,
1980,Moscow,4,Vladimir Kotov,Soviet Union,2:12:05,
1980,Moscow,5,Leonid Moseyev,Soviet Union,2:12:14,
1980,Moscow,6,Rodolfo Gómez,Mexico,2:12:39,
1980,Moscow,7,Dereje Nedi,Ethiopia,2:12:44,
1980,Moscow,8,Massimo Magnani,Italy,2:13:12,
1980,Moscow,9,Karel Lismont,Belgium,2:13:27,
1980,Moscow,10,Robert de Castella,Australia,2:14:31,
1980,Moscow,11,Hans-Joachim Truppel,East Germany,2:14:55,
1980,Moscow,12,Ferenc Szekeres,Hungary,2:15:18,
1980,Moscow,13,Marc Smet,Belgium,2:16:00,
1980,Moscow,14,Emmanuel Ndiemandoi,Tanzania,2:16:47,
1980,Moscow,15,Gidamis Shahanga,Tanzania,2:16:47,
1980,Moscow,16,Anacleto Pinto,Portugal,2:17:04,
1980,Moscow,17,Domingo Tibaduiza,Colombia,2:17:06,
1980,Moscow,18,Rik Schoofs,Belgium,2:17:28,
1980,Moscow,19,Kjell-Erik Ståhl,Sweden,2:17:44,
1980,Moscow,20,Michael Koussis,Greece,2:18:02,
1980,Moscow,21,Jürgen Eberding,East Germany,2:18:04,
1980,Moscow,22,Eleuterio Antón,Spain,2:18:16,
1980,Moscow,23,Leodigard Martin,Tanzania,2:18:21,
1980,Moscow,24,Moges Alemayehu,Ethiopia,2:18:40,
1980,Moscow,25,Jules Randrianarivelo,Madagascar,2:19:23,
1980,Moscow,26,Zbigniew Pierzynka,Poland,2:20:03,
1980,Moscow,27,Koh Chun-Son,North Korea,2:20:08,
1980,Moscow,28,Chris Wardlaw,Australia,2:20:42,
1980,Moscow,29,Li Jong-hyung,North Korea,2:21:10,
1980,Moscow,30,Tommy Persson,Sweden,2:21:11,
1980,Moscow,31,Hari Chand,India,2:22:08,
1980,Moscow,32,Håkan Spik,Finland,2:22:24,
1980,Moscow,33,Choe Chang-Sop,North Korea,2:22:42,
1980,Moscow,34,Luis Barbosa,Colombia,2:22:58,
1980,Moscow,35,Marco Marchei,Italy,2:23:21,
1980,Moscow,36,Vincent Rakabaele,Lesotho,2:23:29,
1980,Moscow,37,Baikuntha Manandhar,Nepal,2:23:51,
1980,Moscow,38,Dick Hooper,Ireland,2:23:53,
1980,Moscow,39,Josef Steiner,Austria,2:24:24,
1980,Moscow,40,Joseph Peter,Switzerland,2:24:53,
1980,Moscow,41,Cor Vriend,Netherlands,2:26:41,
1980,Moscow,42,Pat Hooper,Ireland,2:30:28,
1980,Moscow,43,Buumba Halwand,Zambia,2:36:51,
1980,Moscow,44,Issa Chetoui,Libya,2:38:01,
1980,Moscow,45,Mukunda Hari Shrestha,Nepal,2:38:52,
1980,Moscow,46,Baba Ibrahim Suma-Keita,Sierra Leone,2:41:20,
1980,Moscow,47,Soe Khin,Burma,2:41:41,
1980,Moscow,48,Damiano Musonda,Zambia,2:42:11,
1980,Moscow,49,Enemri Najem Al-Marghani,Libya,2:42:27,
1980,Moscow,50,Nguyễn Quyễn,Vietnam,2:44:37,
1980,Moscow,51,Tapfumaneyi Jonga,Zimbabwe,2:47:17,
1980,Moscow,52,Emmanuel M'Pioh,Republic of the Congo,2:48:17,
1980,Moscow,53,Abel Nkhoma,Zimbabwe,2:53:35,
1980,Moscow,—,Shivnath Singh,India,DNF,
1980,Moscow,—,Laswell Ngoma,Zimbabwe,DNS,
1984,Los Angeles,1,Carlos Lopes,Portugal,2:09:21,OR
1984,Los Angeles,2,John Treacy,Ireland,2:09:56,
1984,Los Angeles,3,Charlie Spedding,Great Britain,2:09:58,
1984,Los Angeles,4,Takeshi So,Japan,2:10:55,
1984,Los Angeles,5,Robert de Castella,Australia,2:11:09,
1984,Los Angeles,6,Juma Ikangaa,Tanzania,2:11:10,
1984,Los Angeles,7,Joseph Nzau,Kenya,2:11:28,
1984,Los Angeles,8,Djama Robleh,Djibouti,2:11:39,
1984,Los Angeles,9,Jerry Kiernan,Ireland,2:12:20,
1984,Los Angeles,10,Rod Dixon,New Zealand,2:12:57,
1984,Los Angeles,11,Pete Pfitzinger,United States,2:13:53,
1984,Los Angeles,12,Hugh Jones,Great Britain,2:13:57,
1984,Los Angeles,13,Jorge González,Puerto Rico,2:14:00,
1984,Los Angeles,14,Toshihiko Seko,Japan,2:14:13,
1984,Los Angeles,15,Alberto Salazar,United States,2:14:19,
1984,Los Angeles,16,Mehmet Terzi,Turkey,2:14:20,
1984,Los Angeles,17,Shigeru So,Japan,2:14:38,
1984,Los Angeles,18,Ralf Salzmann,West Germany,2:15:29,
1984,Los Angeles,19,Henrik Jørgensen,Denmark,2:15:55,
1984,Los Angeles,20,Hussein Ahmed Salah,Djibouti,2:15:59,
1984,Los Angeles,21,Agapius Masong,Tanzania,2:16:25,
1984,Los Angeles,22,Gidamis Shahanga,Tanzania,2:16:27,
1984,Los Angeles,23,Eloi Schleder,Brazil,2:16:35,
1984,Los Angeles,24,Karel Lismont,Belgium,2:17:07,
1984,Los Angeles,25,Allan Zachariasen,Denmark,2:17:10,
1984,Los Angeles,26,Michail Koussis,Greece,2:17:38,
1984,Los Angeles,27,Pertti Tiainen,Finland,2:17:43,
1984,Los Angeles,28,Alain Lazare,France,2:17:52,
1984,Los Angeles,29,Vincent Ruguga,Uganda,2:17:54,
1984,Los Angeles,30,Armand Parmentier,Belgium,2:18:10,
1984,Los Angeles,31,César Mercado,Puerto Rico,2:19:09,
1984,Los Angeles,32,Omar Abdillahi Charmarke,Djibouti,2:19:11,
1984,Los Angeles,33,Øyvind Dahl,Norway,2:19:28,
1984,Los Angeles,34,Derek Froude,New Zealand,2:19:44,
1984,Los Angeles,35,Giovanni d'Aleo,Italy,2:20:12,
1984,Los Angeles,36,Jesús Herrera,Mexico,2:20:33,
1984,Los Angeles,37,Lee Hong-yeol,South Korea,2:20:56,
1984,Los Angeles,38,Juan Camacho,Bolivia,2:21:04,
1984,Los Angeles,39,Cor Vriend,Netherlands,2:21:08,
1984,Los Angeles,40,Frans Ntaole,Lesotho,2:21:09,
1984,Los Angeles,41,Johan Geirnaert,Belgium,2:21:35,
1984,Los Angeles,42,Jacques Boxberger,France,2:22:00,
1984,Los Angeles,43,Marco Marchei,Italy,2:22:38,
1984,Los Angeles,44,Art Boileau,Canada,2:22:43,
1984,Los Angeles,45,Samuel Hlawe,Swaziland,2:22:45,
1984,Los Angeles,46,Baikuntha Manandhar,Nepal,2:22:52,
1984,Los Angeles,47,Ahmed Mohamed Ismail,Somalia,2:23:27,
1984,Los Angeles,48,Chae Hong-nak,South Korea,2:23:33,
1984,Los Angeles,49,Joseph Otieno,Kenya,2:24:13,
1984,Los Angeles,50,Bruno Lafranchi,Switzerland,2:24:38,
1984,Los Angeles,51,Dick Hooper,Ireland,2:24:41,
1984,Los Angeles,52,Derick Adamson,Jamaica,2:25:02,
1984,Los Angeles,53,Claudio Cabán,Puerto Rico,2:27:16,
1984,Los Angeles,54,Marc Agosta,Luxembourg,2:27:41,
1984,Los Angeles,55,Wilson Theleso,Botswana,2:29:20,
1984,Los Angeles,56,Alejandro Silva,Chile,2:29:53,
1984,Los Angeles,57,Chen Chang-ming,Chinese Taipei,2:29:53,
1984,Los Angeles,58,Kim Won-sik,South Korea,2:30:57,
1984,Los Angeles,59,Rubén Aguiar,Argentina,2:31:18,
1984,Los Angeles,60,Sabag Shemtov,Israel,2:31:34,
1984,Los Angeles,61,Vincent Rakabaele,Lesotho,2:32:15,
1984,Los Angeles,62,Marios Kassianidis,Cyprus,2:32:51,
1984,Los Angeles,63,Arjun Pandit,Nepal,2:32:53,
1984,Los Angeles,64,Ismael Mahmoud Ghassab,Jordan,2:33:30,
1984,Los Angeles,65,Alain Bordeleau,Canada,2:34:27,
1984,Los Angeles,66,Tau John Tokwepota,Papua New Guinea,2:36:36,
1984,Los Angeles,67,Patric Nyambariro-Nhauro,Zimbabwe,2:37:18,
1984,Los Angeles,68,Kimurgor Ngeny,Kenya,2:37:19,
1984,Los Angeles,69,Amiri Yadav,Nepal,2:38:10,
1984,Los Angeles,70,Adolphe Ambowode,Central African Republic,2:41:26,
1984,Los Angeles,71,Carlos Ávila,Honduras,2:42:03,
1984,Los Angeles,72,Jules Randrianarivelo,Madagascar,2:43:05,
1984,Los Angeles,73,Abdul Lahij Ahmed,Somalia,2:44:39,
1984,Los Angeles,74,George Mambosasa,Malawi,2:46:14,
1984,Los Angeles,75,Marlon Williams,Virgin Islands,2:46:50,
1984,Los Angeles,76,Johnson Mbangiwa,Botswana,2:48:12,
1984,Los Angeles,77,Leonardo Illut,Philippines,2:49:39,
1984,Los Angeles,78,Dieudonné LaMothe,Haiti,2:52:18,
1984,Los Angeles,—,Awadh Al-Sameer,Oman,DNF,
1984,Los Angeles,—,Martti Vainio,Finland,DNS,
1988,Seoul,1,Gelindo Bordin,Italy,2:10:32,
1988,Seoul,2,Douglas Wakiihuri,Kenya,2:10:47,
1988,Seoul,3,Hussein Ahmed Salah,Djibouti,2:10:59,
1988,Seoul,4,Takeyuki Nakayama,Japan,2:11:05,
1988,Seoul,5,Steve Moneghetti,Australia,2:11:49,
1988,Seoul,6,Charlie Spedding,Great Britain,2:12:19,
1988,Seoul,7,Juma Ikangaa,Tanzania,2:13:06,
1988,Seoul,8,Robert de Castella,Australia,2:13:07,
1988,Seoul,9,Toshihiko Seko,Japan,2:13:41,
1988,Seoul,10,Ravil Kashapov,Soviet Union,2:13:49,
1988,Seoul,11,Jesús Herrera,Mexico,2:13:58,
1988,Seoul,12,John Campbell,New Zealand,2:14:08,
1988,Seoul,13,Gerard Nijboer,Netherlands,2:14:40,
1988,Seoul,14,Pete Pfitzinger,United States,2:14:44,
1988,Seoul,15,Marti ten Kate,Netherlands,2:14:53,
1988,Seoul,16,Orlando Pizzolato,Italy,2:15:20,
1988,Seoul,17,Hisatoshi Shintaku,Japan,2:15:42,
1988,Seoul,18,Kim Won-Tak,South Korea,2:15:44,
1988,Seoul,19,Gianni Poli,Italy,2:16:07,
1988,Seoul,20,Dieudonné LaMothe,Haiti,2:16:15,
1988,Seoul,21,Dave Long,Great Britain,2:16:18,
1988,Seoul,22,Henrik Jørgensen,Denmark,2:16:40,
1988,Seoul,23,Ralf Salzmann,West Germany,2:16:54,
1988,Seoul,24,Dick Hooper,Ireland,2:17:16,
1988,Seoul,25,Miroslavo Vindiš,Yugoslavia,2:17:47,
1988,Seoul,26,Cai Shangyan,China,2:17:54,
1988,Seoul,27,Joaquim Silva,Portugal,2:18:05,
1988,Seoul,28,Art Boileau,Canada,2:18:20,
1988,Seoul,29,Ed Eyestone,United States,2:19:09,
1988,Seoul,30,Noureddine Sobhi,Morocco,2:19:56,
1988,Seoul,31,Yu Jae-seong,South Korea,2:20:11,
1988,Seoul,32,Mehmet Terzi,Turkey,2:20:12,
1988,Seoul,33,Kevin Forster,Great Britain,2:20:45,
1988,Seoul,34,Bigboy Josie Matlapeng,Botswana,2:20:51,
1988,Seoul,35,Allaoua Khellil,Algeria,2:21:12,
1988,Seoul,36,Justin Gloden,Luxembourg,2:22:14,
1988,Seoul,37,Alexandre Gonzalez,France,2:22:24,
1988,Seoul,38,Zhang Guowei,China,2:22:49,
1988,Seoul,39,Pedro Ortiz,Colombia,2:23:34,
1988,Seoul,40,Ronald Lanzoni,Costa Rica,2:23:45,
1988,Seoul,41,Bradley Camp,Australia,2:23:49,
1988,Seoul,42,Adolphe Ambowode,Central African Republic,2:23:52,
1988,Seoul,43,John Burra,Tanzania,2:24:17,
1988,Seoul,44,Samuel Hlawe,Swaziland,2:24:42,
1988,Seoul,45,Juan Amores,Costa Rica,2:24:49,
1988,Seoul,46,Peter Maher,Canada,2:24:49,
1988,Seoul,47,Abdou Manzo,Niger,2:25:05,
1988,Seoul,48,Diamantino dos Santos,Brazil,2:25:13,
1988,Seoul,49,Omar Moussa,Djibouti,2:25:25,
1988,Seoul,50,Carlos Retiz,Mexico,2:25:34,
1988,Seoul,51,Gary Fanelli,American Samoa,2:25:35,
1988,Seoul,52,John Woods,Ireland,2:25:38,
1988,Seoul,53,Gideon Mthembu,Swaziland,2:25:56,
1988,Seoul,54,Baikuntha Manandhar,Nepal,2:25:57,
1988,Seoul,55,Karel David,Czechoslovakia,2:26:12,
1988,Seoul,56,Ivo Rodrigues,Brazil,2:26:27,
1988,Seoul,57,Martín Mondragón,Mexico,2:27:10,
1988,Seoul,58,Vusie Dlamini,Swaziland,2:28:06,
1988,Seoul,59,Inni Aboubacar,Niger,2:28:15,
1988,Seoul,60,Yohanna Waziri,Nigeria,2:29:14,
1988,Seoul,61,Noheku Nteso,Lesotho,2:29:44,
1988,Seoul,62,Benjamin Longiros,Uganda,2:30:29,
1988,Seoul,63,Vincent Ruguga,Uganda,2:31:04,
1988,Seoul,64,Alfonso Abellán,Spain,2:31:10,
1988,Seoul,65,Vithanakande Samarasinghe,Sri Lanka,2:31:29,
1988,Seoul,66,Tika Bogati,Nepal,2:31:49,
1988,Seoul,67,Dave Edge,Canada,2:32:19,
1988,Seoul,68,Luis López,Costa Rica,2:32:43,
1988,Seoul,69,Juan Camacho,Bolivia,2:34:41,
1988,Seoul,70,Abbas Mohamed,Nigeria,2:35:26,
1988,Seoul,71,Ahmet Altun,Turkey,2:37:44,
1988,Seoul,72,James Gombedza,Zimbabwe,2:38:13,
1988,Seoul,73,Kamana Koji,Zaire,2:38:34,
1988,Seoul,74,João Carvalho,Angola,2:40:45,
1988,Seoul,75,Aaron Dupnai,Papua New Guinea,2:41:47,
1988,Seoul,76,Bineshwar Prasad,Fiji,2:41:50,
1988,Seoul,77,Calvin Dallas,Virgin Islands,2:42:19,
1988,Seoul,78,Telesphore Dusabe,Rwanda,2:42:52,
1988,Seoul,79,Eugène Muslar,Belize,2:43:29,
1988,Seoul,80,Hassan Karimou,Niger,2:43:51,
1988,Seoul,81,Wallace Williams,Virgin Islands,2:44:40,
1988,Seoul,82,Mohala Mohloli,Lesotho,2:44:44,
1988,Seoul,83,Awadh Shaban Al-Sameer,Oman,2:46:59,
1988,Seoul,84,Derick Adamson,Jamaica,2:47:57,
1988,Seoul,85,Krishna Bahadur Basnet,Nepal,2:47:57,
1988,Seoul,86,Fred Schumann,Guam,2:49:52,
1988,Seoul,87,John Mwathiwa,Malawi,2:51:43,
1988,Seoul,88,Marlon Williams,Virgin Islands,2:52:06,
1988,Seoul,89,Kaleka Mutoke,Zaire,2:55:21,
1988,Seoul,90,James Walker,Guam,2:56:32,
1988,Seoul,91,Mohiddin Mohamed Kulmiye,Somalia,2:58:10,
1988,Seoul,92,Fred Ogwang,Uganda,2:59:35,
1988,Seoul,93,Naser Babapour,Iran,3:00:20,
1988,Seoul,94,Ricardo Taitano,Guam,3:03:19,
1988,Seoul,95,Baba Ibrahim Suma-Keita,Sierra Leone,3:04:00,
1988,Seoul,96,Alassane Bah,Guinea,3:06:27,
1988,Seoul,97,Nguyễn Văn Thuyết,Vietnam,3:10:57,
1988,Seoul,98,Polin Belisle,Belize,3:14:02,
1988,Seoul,—,Ahmed Mohamed Ismail,Somalia,DNF,
1992,Barcelona,1,Hwang Young-Cho,South Korea,2:13:23,
1992,Barcelona,2,Kōichi Morishita,Japan,2:13:45,
1992,Barcelona,3,Stephan Freigang,Germany,2:14:00,
1992,Barcelona,4,Takeyuki Nakayama,Japan,2:14:02,
1992,Barcelona,5,Salvatore Bettiol,Italy,2:14:15,
1992,Barcelona,6,Salah Kokaich,Morocco,2:14:25,
1992,Barcelona,7,Jan Huruk,Poland,2:14:32,
1992,Barcelona,8,Hiromi Taniguchi,Japan,2:14:42,
1992,Barcelona,9,Diego García,Spain,2:14:56,
1992,Barcelona,10,Kim Jae-Ryong,South Korea,2:15:01,
1992,Barcelona,11,Harri Hänninen,Finland,2:15:19,
1992,Barcelona,12,Steve Spence,United States,2:15:21,
1992,Barcelona,13,Ed Eyestone,United States,2:15:23,
1992,Barcelona,14,Boniface Merande,Kenya,2:15:46,
1992,Barcelona,15,Bert van Vlaanderen,Netherlands,2:15:47,
1992,Barcelona,16,Rex Wilson,New Zealand,2:15:51,
1992,Barcelona,17,Bob Kempainen,United States,2:15:53,
1992,Barcelona,18,Rodrigo Gavela,Spain,2:16:23,
1992,Barcelona,19,Karel David,Czechoslovakia,2:16:34,
1992,Barcelona,20,Leszek Beblo,Poland,2:16:38,
1992,Barcelona,21,Wiesław Perszke,Poland,2:16:38,
1992,Barcelona,22,Yakov Tolstikov,Unified Team,2:17:04,
1992,Barcelona,23,Tena Negere,Ethiopia,2:17:07,
1992,Barcelona,24,Osmiro Silva,Brazil,2:17:16,
1992,Barcelona,25,Abel Mokibe,South Africa,2:17:24,
1992,Barcelona,26,Robert de Castella,Australia,2:17:44,
1992,Barcelona,27,Steve Brace,Great Britain,2:17:49,
1992,Barcelona,28,Kim Wan-gi,South Korea,2:18:32,
1992,Barcelona,29,Isidro Rico,Mexico,2:18:52,
1992,Barcelona,30,Hussein Ahmed Salah,Djibouti,2:19:04,
1992,Barcelona,31,Dominique Chauvelier,France,2:19:09,
1992,Barcelona,32,José Montiel,Spain,2:19:15,
1992,Barcelona,33,Thabiso Moqhali,Lesotho,2:19:28,
1992,Barcelona,34,Juma Ikangaa,Tanzania,2:19:34,
1992,Barcelona,35,Derek Froude,New Zealand,2:19:37,
1992,Barcelona,36,Douglas Wakiihuri,Kenya,2:19:38,
1992,Barcelona,37,Ibrahim Hussein,Kenya,2:19:49,
1992,Barcelona,38,Gyula Borka,Hungary,2:20:46,
1992,Barcelona,39,Dave Long,Great Britain,2:20:51,
1992,Barcelona,40,Mirko Vindiš,Slovenia,2:21:03,
1992,Barcelona,41,Paul Davies-Hale,Great Britain,2:21:15,
1992,Barcelona,42,Elphas Ginindza,Swaziland,2:21:15,
1992,Barcelona,43,Rolando Vera,Ecuador,2:21:30,
1992,Barcelona,44,Alessio Faustini,Italy,2:21:37,
1992,Barcelona,45,Luis Soares,France,2:21:57,
1992,Barcelona,46,Paul Kuété,Cameroon,2:22:43,
1992,Barcelona,47,Helmut Schmuck,Austria,2:23:38,
1992,Barcelona,48,Steve Moneghetti,Australia,2:23:42,
1992,Barcelona,49,Konrad Dobler,Germany,2:23:44,
1992,Barcelona,50,Ralombo Mwenze,Zaire,2:23:47,
1992,Barcelona,51,John Treacy,Ireland,2:24:11,
1992,Barcelona,52,Herman Suizo,Philippines,2:25:18,
1992,Barcelona,53,Peter Reynierse,Aruba,2:25:31,
1992,Barcelona,54,Nelson Zamora,Uruguay,2:25:32,
1992,Barcelona,55,Daniel Böltz,Switzerland,2:25:50,
1992,Barcelona,56,Joseildo da Silva,Brazil,2:26:00,
1992,Barcelona,57,Juan Camacho,Bolivia,2:26:01,
1992,Barcelona,58,Cephas Matafi,Zimbabwe,2:26:17,
1992,Barcelona,59,Mohamed Selmi,Algeria,2:26:56,
1992,Barcelona,60,Ildephonse Sehirwa,Rwanda,2:27:44,
1992,Barcelona,61,Zerehune Gizaw,Ethiopia,2:28:25,
1992,Barcelona,62,Jaime Ojeda,Chile,2:28:39,
1992,Barcelona,63,Smartex Tambala,Malawi,2:29:02,
1992,Barcelona,64,Pascal Zilliox,France,2:30:02,
1992,Barcelona,65,Luis López,Costa Rica,2:30:26,
1992,Barcelona,66,Gian Luigi Macina,San Marino,2:30:45,
1992,Barcelona,67,Abdou Manzo,Niger,2:31:15,
1992,Barcelona,68,Roland Willie,Liechtenstein,2:31:32,
1992,Barcelona,69,Frank Kayele,Namibia,2:31:41,
1992,Barcelona,70,Hari Bahadur Rokaya,Nepal,2:32:26,
1992,Barcelona,71,Kuruppu Karunaratne,Sri Lanka,2:32:26,
1992,Barcelona,72,Tommy Hughes,Ireland,2:32:55,
1992,Barcelona,73,William Aguirre,Nicaragua,2:34:18,
1992,Barcelona,74,Ferdinand Amadi,Central African Republic,2:35:39,
1992,Barcelona,75,Mohamed Khamis Taher,Libya,2:35:46,
1992,Barcelona,76,Dieudonné LaMothe,Haiti,2:36:11,
1992,Barcelona,77,Myint Kan,Myanmar,2:37:39,
1992,Barcelona,78,Calvin Dallas,Virgin Islands,2:38:11,
1992,Barcelona,79,Saad Mubarak Ali,Bahrain,2:39:19,
1992,Barcelona,80,Ryu Ok-hyon,North Korea,2:40:51,
1992,Barcelona,81,Alain Razahasoa,Madagascar,2:41:41,
1992,Barcelona,82,Michael Lopeyok,Uganda,2:42:54,
1992,Barcelona,83,Benjamin Keleketu,Botswana,2:45:57,
1992,Barcelona,84,Moussa El-Hariri,Syria,2:47:06,
1992,Barcelona,85,Lưu Văn Hùng,Vietnam,2:56:42,
1992,Barcelona,86,Hussein Haleem,Maldives,3:04:16,
1992,Barcelona,87,Pyambuugiin Tuul,Mongolia,4:00:44,
1992,Barcelona,—,Apolinario Belisle,Honduras,DNF,
1992,Barcelona,—,Vladimir Bukhanov,Unified Team,DNS,
1996,Atlanta,1,Josia Thugwane,South Africa,2:12:36,
1996,Atlanta,2,Lee Bong-ju,South Korea,2:12:39,
1996,Atlanta,3,Erick Wainaina,Kenya,2:12:44,
1996,Atlanta,4,Martín Fiz,Spain,2:13:20,
1996,Atlanta,5,Richard Nerurkar,Great Britain,2:13:39,
1996,Atlanta,6,Germán Silva,Mexico,2:14:29,
1996,Atlanta,7,Steve Moneghetti,Australia,2:14:35,
1996,Atlanta,8,Benjamín Paredes,Mexico,2:14:55,
1996,Atlanta,9,Danilo Goffi,Italy,2:15:08,
1996,Atlanta,10,Luíz Antônio dos Santos,Brazil,2:15:55,
1996,Atlanta,11,Carlos Grisales,Colombia,2:15:56,
1996,Atlanta,12,Kim Yi-Yong,South Korea,2:16:17,
1996,Atlanta,13,Tendai Chimusasa,Zimbabwe,2:16:31,
1996,Atlanta,14,António Pinto,Portugal,2:16:41,
1996,Atlanta,15,Dionicio Cerón,Mexico,2:16:48,
1996,Atlanta,16,Mwenze Kalombo,Zaire,2:17:01,
1996,Atlanta,17,Leszek Bebło,Poland,2:17:04,
1996,Atlanta,18,Alberto Juzdado,Spain,2:17:24,
1996,Atlanta,19,Hiromi Taniguchi,Japan,2:17:26,
1996,Atlanta,20,Salvatore Bettiol,Italy,2:17:27,
1996,Atlanta,21,Peter Fonseca,Canada,2:17:28,
1996,Atlanta,22,Rolando Vera,Ecuador,2:17:40,
1996,Atlanta,23,Roderic De Highden,Australia,2:17:42,
1996,Atlanta,24,José Luis Molina,Costa Rica,2:17:49,
1996,Atlanta,25,Domingos Castro,Portugal,2:18:03,
1996,Atlanta,26,Tahar Mansouri,Tunisia,2:18:06,
1996,Atlanta,27,Lawrence Peu,South Africa,2:18:09,
1996,Atlanta,28,Keith Brantly,United States,2:18:17,
1996,Atlanta,29,Thabisio Ralekhetla,Lesotho,2:18:26,
1996,Atlanta,30,Khristo Stefanov,Bulgaria,2:18:29,
1996,Atlanta,31,Bob Kempainen,United States,2:18:38,
1996,Atlanta,32,Harri Hänninen,Finland,2:18:41,
1996,Atlanta,33,Gert Thys,South Africa,2:18:55,
1996,Atlanta,34,Sean Quilty,Australia,2:19:35,
1996,Atlanta,35,Carey Nelson,Canada,2:19:39,
1996,Atlanta,36,Spyros Andriopoulos,Greece,2:19:41,
1996,Atlanta,37,Oleg Strizhakov,Russia,2:19:51,
1996,Atlanta,38,Kim Jung-won,North Korea,2:19:54,
1996,Atlanta,39,Bruce Deacon,Canada,2:19:56,
1996,Atlanta,40,Kim Jong-su,North Korea,2:20:19,
1996,Atlanta,41,Mark Coogan,United States,2:20:27,
1996,Atlanta,42,Hussein Ahmed Salah,Djibouti,2:20:33,
1996,Atlanta,43,Petro Sarafyniuk,Ukraine,2:20:37,
1996,Atlanta,44,Abdelkader El Mouaziz,Morocco,2:20:39,
1996,Atlanta,45,Bert van Vlaanderen,Netherlands,2:20:48,
1996,Atlanta,46,Manuel Matias,Portugal,2:20:58,
1996,Atlanta,47,Vanderlei de Lima,Brazil,2:21:01,
1996,Atlanta,48,Konrad Dobler,Germany,2:21:12,
1996,Atlanta,49,Borislav Dević,FR Yugoslavia,2:21:22,
1996,Atlanta,50,Davide Milesi,Italy,2:21:45,
1996,Atlanta,51,Aleksandrs Prokopčuks,Latvia,2:21:50,
1996,Atlanta,52,Lameck Aguta,Kenya,2:22:04,
1996,Atlanta,53,Diego García,Spain,2:22:11,
1996,Atlanta,54,Masaki Oya,Japan,2:22:13,
1996,Atlanta,55,Peter Whitehead,Great Britain,2:22:37,
1996,Atlanta,56,Ezequiel Bitok,Kenya,2:23:03,
1996,Atlanta,57,Hsu Gi-sheng,Chinese Taipei,2:23:04,
1996,Atlanta,58,Pavel Loskutov,Estonia,2:23:14,
1996,Atlanta,59,Rubén Maza,Venezuela,2:23:24,
1996,Atlanta,60,Steve Brace,Great Britain,2:23:28,
1996,Atlanta,61,Grzegorz Gajdus,Poland,2:23:41,
1996,Atlanta,62,Isaac Simelane,Swaziland,2:23:43,
1996,Atlanta,63,Nazirdin Alikbekov,Kyrgyzstan,2:23:59,
1996,Atlanta,64,Anders Szalkai,Sweden,2:24:27,
1996,Atlanta,65,John Mwathiwa,Malawi,2:24:45,
1996,Atlanta,66,Leonid Shvetsov,Russia,2:24:49,
1996,Atlanta,67,Eddy Hellebuyck,Belgium,2:25:04,
1996,Atlanta,68,Ahmed Adam Salah,Sudan,2:25:12,
1996,Atlanta,69,Ikaji Salum,Tanzania,2:25:29,
1996,Atlanta,70,Pavelas Fedorenka,Lithuania,2:25:41,
1996,Atlanta,71,Miguel Mallqui,Peru,2:25:56,
1996,Atlanta,72,Ethel Hudzon,Indonesia,2:26:02,
1996,Atlanta,73,Diamantino dos Santos,Brazil,2:26:53,
1996,Atlanta,74,Tika Bahadur Bogate,Nepal,2:27:04,
1996,Atlanta,75,Ronnie Holassie,Trinidad and Tobago,2:27:20,
1996,Atlanta,77,Valeriu Vlas,Moldova,2:28:36,
1996,Atlanta,78,Daniel Sibandze,Swaziland,2:28:49,
1996,Atlanta,79,Waldemar Cotelo,Uruguay,2:28:50,
1996,Atlanta,80,Petko Stefanov,Bulgaria,2:29:06,
1996,Atlanta,81,Abebe Mekonnen,Ethiopia,2:29:45,
1996,Atlanta,82,Luis Martínez,Guatemala,2:29:55,
1996,Atlanta,83,Sean Wade,New Zealand,2:30:35,
1996,Atlanta,84,Abderrahim Ben Redouane,Morocco,2:30:49,
1996,Atlanta,85,Abdou Monzo,Niger,2:30:57,
1996,Atlanta,86,Marcelo Barrientos,Chile,2:31:05,
1996,Atlanta,87,Antoni Bernardo,Andorra,2:31:28,
1996,Atlanta,88,Adel Adili,Libya,2:32:12,
1996,Atlanta,89,Carlos Tarazona,Venezuela,2:32:35,
1996,Atlanta,90,Tharcisse Gashaka,Burundi,2:32:55,
1996,Atlanta,91,Policarpio Calizaya,Bolivia,2:33:08,
1996,Atlanta,92,Simon Qamunga,Tanzania,2:33:11,
1996,Atlanta,93,Kenjiro Jitsui,Japan,2:33:27,
1996,Atlanta,94,António Zeferino,Cape Verde,2:34:13,
1996,Atlanta,95,Pamenos Ballantyne,Saint Vincent and the Grenadines,2:34:16,
1996,Atlanta,96,Kaleka Mutoke,Zaire,2:34:40,
1996,Atlanta,97,Ernest Ndjissipou,Central African Republic,2:35:55,
1996,Atlanta,98,Ali Ettounsi,Morocco,2:36:01,
1996,Atlanta,99,William Aguirre,Nicaragua,2:37:02,
1996,Atlanta,100,Roy Vence,Philippines,2:37:10,
1996,Atlanta,101,Mohamed Al-Saadi,Yemen,2:40:41,NR
1996,Atlanta,102,Julio Hernández,Colombia,2:41:56,
1996,Atlanta,103,Ajay Chuttoo,Mauritius,2:42:07,
1996,Atlanta,104,Nils Antonio,Jamaica,2:44:10,
1996,Atlanta,105,To Rithya,Cambodia,2:47:10,
1996,Atlanta,106,Maximo Oliveras,Puerto Rico,2:47:15,
1996,Atlanta,107,Islam Ðugum,Bosnia and Herzegovina,2:47:38,
1996,Atlanta,108,Marlon Selwyn Williams,Virgin Islands,2:48:26,
1996,Atlanta,109,Eugene Muslar,Belize,2:51:41,
1996,Atlanta,110,Abdi Isak,Somalia,2:59:55,
1996,Atlanta,111,Abdel Baser Wasiqi,Afghanistan,4:24:17,
1996,Atlanta,—,Belayneh Dinsamo,Ethiopia,DNF,
2000,Sydney,1,Gezahegne Abera,Ethiopia,2:10:11,
2000,Sydney,2,Erick Wainaina,Kenya,2:10:31,
2000,Sydney,3,Tesfaye Tola,Ethiopia,2:11:10,SB
2000,Sydney,4,Jon Brown,Great Britain,2:11:17,
2000,Sydney,5,Giacomo Leone,Italy,2:12:14,SB
2000,Sydney,6,Martín Fiz,Spain,2:13:06,
2000,Sydney,7,Abdelkader El Mouaziz,Morocco,2:13:49,
2000,Sydney,8,Mohamed Ouaadi,France,2:14:04,
2000,Sydney,9,Tendai Chimusasa,Zimbabwe,2:14:19,
2000,Sydney,10,Steve Moneghetti,Australia,2:14:50,
2000,Sydney,11,António Pinto,Portugal,2:15:17,
2000,Sydney,12,Hendrick Ramaala,South Africa,2:16:19,
2000,Sydney,13,Kamiel Maase,Netherlands,2:16:24,
2000,Sydney,14,Silvio Guerra,Ecuador,2:16:27,
2000,Sydney,15,Mathias Ntawulikura,Rwanda,2:16:39,
2000,Sydney,16,Thabiso Moqhali,Lesotho,2:16:43,
2000,Sydney,17,João N'Tyamba,Angola,2:16:43,NR
2000,Sydney,18,Domingos Castro,Portugal,2:16:52,
2000,Sydney,19,Keith Cullen,Great Britain,2:16:59,
2000,Sydney,20,Josia Thugwane,South Africa,2:16:59,
2000,Sydney,21,Shinji Kawashima,Japan,2:17:21,
2000,Sydney,22,Simretu Alemayehu,Ethiopia,2:17:21,
2000,Sydney,23,Kamel Kohil,Algeria,2:17:46,
2000,Sydney,24,Lee Bong-Ju,South Korea,2:17:57,
2000,Sydney,25,Greg van Hest,Netherlands,2:18:00,
2000,Sydney,26,Pavel Kokin,Russia,2:18:02,
2000,Sydney,27,Andrés Espinosa,Mexico,2:18:02,
2000,Sydney,28,Roderic De Highden,Australia,2:18:04,
2000,Sydney,29,Kim Jung-Won,North Korea,2:18:04,
2000,Sydney,30,Kim Jong-chol,North Korea,2:18:04,
2000,Sydney,31,Pamenos Ballantyne,Saint Vincent and the Grenadines,2:19:08,
2000,Sydney,32,Ronnie Holassie,Trinidad and Tobago,2:19:24,
2000,Sydney,33,Michael Buchleitner,Austria,2:19:26,
2000,Sydney,34,Dmitriy Kapitonov,Russia,2:19:38,
2000,Sydney,35,Pavel Loskutov,Estonia,2:19:41,
2000,Sydney,36,Viktor Röthlin,Switzerland,2:20:06,
2000,Sydney,37,Michael Fietz,Germany,2:20:09,
2000,Sydney,38,Tahar Mansouri,Tunisia,2:20:33,SB
2000,Sydney,39,José Luis Molina,Costa Rica,2:20:37,
2000,Sydney,40,Carlos Tarazona,Venezuela,2:20:39,
2000,Sydney,41,Nobuyuki Sato,Japan,2:20:52,SB
2000,Sydney,42,Alberto Juzdado,Spain,2:21:18,
2000,Sydney,43,Johannes Maremane,South Africa,2:21:25,
2000,Sydney,44,Bruce Deacon,Canada,2:21:38,
2000,Sydney,45,Jeong Nam-gyun,South Korea,2:22:23,
2000,Sydney,46,Néstor García,Uruguay,2:22:30,
2000,Sydney,47,Ahmed Abdel Mougod Soliman,Egypt,2:22:47,
2000,Sydney,48,Luketz Swartbooi,Namibia,2:22:55,
2000,Sydney,49,Antoni Bernadó,Andorra,2:23:03,
2000,Sydney,50,Luís Novo,Portugal,2:23:04,
2000,Sydney,51,Lucky Bhembe,Swaziland,2:23:08,PB
2000,Sydney,52,Boubker El-Afoui,Morocco,2:23:53,
2000,Sydney,53,Abel Antón,Spain,2:24:04,
2000,Sydney,54,Carsten Eich,Germany,2:24:11,
2000,Sydney,55,Valeriu Vlas,Moldova,2:24:35,
2000,Sydney,56,Mark Steinle,Great Britain,2:24:42,
2000,Sydney,57,Alex Malinga,Uganda,2:24:53,
2000,Sydney,58,Oscar Cortínez,Argentina,2:25:01,
2000,Sydney,59,Kil Jae-son,North Korea,2:25:13,
2000,Sydney,60,Petko Stefanov,Bulgaria,2:26:24,
2000,Sydney,61,Zebedayo Bayo,Tanzania,2:26:24,
2000,Sydney,62,Roman Kejžar,Slovenia,2:26:38,
2000,Sydney,63,Panagiotis Kharamis,Greece,2:26:55,
2000,Sydney,64,Benjamín Paredes,Mexico,2:27:17,
2000,Sydney,65,Baek Seung-do,South Korea,2:28:25,
2000,Sydney,66,Lee Troop,Australia,2:29:32,
2000,Sydney,67,António Zeferino,Cape Verde,2:29:46,
2000,Sydney,68,Sergey Zabavski,Tajikistan,2:30:29,
2000,Sydney,69,Rod DeHaven,United States,2:30:46,
2000,Sydney,70,Nazirdin Akylbekov,Kyrgyzstan,2:31:26,
2000,Sydney,71,Calisto da Costa,Individual Olympic Athletes,2:33:11,
2000,Sydney,72,Marco Condori,Bolivia,2:34:11,
2000,Sydney,73,Sarath Prasanna Gamage,Sri Lanka,2:34:39,
2000,Sydney,74,Gian Luigi Macina,San Marino,2:35:42,
2000,Sydney,75,Vanderlei Lima,Brazil,2:37:08,
2000,Sydney,76,Željko Petrović,Bosnia and Herzegovina,2:38:29,
2000,Sydney,77,Tiyapo Maso,Botswana,2:38:53,
2000,Sydney,78,Ðuro Kodžo,Bosnia and Herzegovina,2:39:14,
2000,Sydney,79,José Alejandro Semprún,Venezuela,3:00:02,
2000,Sydney,80,To Rithya,Cambodia,3:03:56,
2000,Sydney,81,Elias Rodriguez,Federated States of Micronesia,3:09:14,
2000,Sydney,—,Takayuki Inubushi,Japan,DNF,
2004,Athens,1,Stefano Baldini,Italy,2:10:55,
2004,Athens,2,Meb Keflezighi,United States,2:11:29,SB
2004,Athens,3,Vanderlei de Lima,Brazil,2:12:11,
2004,Athens,4,Jon Brown,Great Britain,2:12:26,SB
2004,Athens,5,Shigeru Aburaya,Japan,2:13:11,
2004,Athens,6,Toshinari Suwa,Japan,2:13:24,
2004,Athens,7,Erick Wainaina,Kenya,2:13:30,
2004,Athens,8,Alberto Chaíça,Portugal,2:14:17,
2004,Athens,9,Alberico di Cecco,Italy,2:14:34,
2004,Athens,10,Paul Tergat,Kenya,2:14:45,
2004,Athens,11,Jaouad Gharib,Morocco,2:15:12,
2004,Athens,12,Alan Culpepper,United States,2:15:26,
2004,Athens,13,Leonid Shvetsov,Russia,2:15:28,
2004,Athens,14,Lee Bong-ju,South Korea,2:15:33,
2004,Athens,15,Ambesse Tolosa,Ethiopia,2:15:39,
2004,Athens,16,Gert Thys,South Africa,2:16:08,
2004,Athens,17,Ji Young-joon,South Korea,2:16:14,
2004,Athens,18,Antoni Peña,Spain,2:16:38,
2004,Athens,19,Grigoriy Andreyev,Russia,2:16:55,
2004,Athens,20,Haile Satayin,Israel,2:17:25,
2004,Athens,21,Jonathan Wyatt,New Zealand,2:17:45,
2004,Athens,22,Janne Holmen,Finland,2:17:50,
2004,Athens,23,Dan Robinson,Great Britain,2:17:53,
2004,Athens,24,Nikolaos Polias,Greece,2:17:56,
2004,Athens,25,Ndabili Bashingili,Botswana,2:18:09,
2004,Athens,26,Pavel Loskutov,Estonia,2:18:09,
2004,Athens,27,José Rios,Spain,2:18:40,
2004,Athens,28,Lee Troop,Australia,2:18:46,
2004,Athens,29,Michael Buchleitner,Austria,2:19:19,
2004,Athens,30,Anuradha Cooray,Sri Lanka,2:19:24,
2004,Athens,31,Li Zhuhong,China,2:19:26,
2004,Athens,32,Joachim Nshimirimana,Burundi,2:19:31,
2004,Athens,33,Dale Warrender,New Zealand,2:19:42,
2004,Athens,34,Waldemar Glinka,Poland,2:19:43,
2004,Athens,35,Jong Myong-chol,North Korea,2:19:47,
2004,Athens,36,El-Hassan Lahssini,France,2:19:50,
2004,Athens,37,Michał Bartoszak,Poland,2:20:20,
2004,Athens,38,Ahmed Jumaa Jaber,Qatar,2:20:27,
2004,Athens,39,Ali Mabrouk El Zaidi,Libya,2:20:31,
2004,Athens,40,Samson Ramadhani,Tanzania,2:20:38,
2004,Athens,41,Lee Myong-seung,South Korea,2:21:01,
2004,Athens,42,Tomoaki Kunichika,Japan,2:21:13,
2004,Athens,43,José Alirio Carrasco,Colombia,2:21:14,
2004,Athens,44,Ernest Ndjissipou,Central African Republic,2:21:23,
2004,Athens,45,Nicholas Harrison,Australia,2:21:42,
2004,Athens,46,Tereje Wodajo,Ethiopia,2:21:53,
2004,Athens,47,Aguelmis Rojas,Cuba,2:21:59,
2004,Athens,48,Abel Chimukoko,Zimbabwe,2:22:09,
2004,Athens,49,Saïd Belhout,Algeria,2:22:32,
2004,Athens,50,Matthew O'Dowd,Great Britain,2:22:37,
2004,Athens,51,Juan Carlos Cardona,Colombia,2:22:49,
2004,Athens,52,Daniele Caimmi,Italy,2:23:07,
2004,Athens,53,João N'Tyamba,Angola,2:23:26,
2004,Athens,54,Roman Kejžar,Slovenia,2:23:34,
2004,Athens,55,Procopio Franco,Mexico,2:23:34,
2004,Athens,56,Wu Wen-chien,Chinese Taipei,2:23:54,
2004,Athens,57,Antoni Bernado,Andorra,2:23:55,
2004,Athens,58,Julio Rey,Spain,2:24:54,
2004,Athens,59,Asaf Bimro,Israel,2:25:20,
2004,Athens,60,Sisay Bezabeh,Australia,2:25:26,
2004,Athens,61,Silvio Guerra,Ecuador,2:25:29,
2004,Athens,62,Mathias Ntawulikura,Rwanda,2:26:05,
2004,Athens,63,Róbert Štefko,Czech Republic,2:27:12,
2004,Athens,64,José Amado García,Guatemala,2:27:13,
2004,Athens,65,Dan Browne,United States,2:27:17,
2004,Athens,66,Han Gang,China,2:27:31,
2004,Athens,67,Eduardo Buenavista,Philippines,2:28:18,
2004,Athens,68,Driss El Himer,France,2:29:07,
2004,Athens,69,Andrés Espinosa,Mexico,2:29:43,
2004,Athens,70,Mpesela Ntlot Soeu,Lesotho,2:30:19,
2004,Athens,71,Franklin Tenorio,Ecuador,2:31:12,
2004,Athens,72,José Ernani Palalia,Mexico,2:31:41,
2004,Athens,73,Dmitriy Burmakin,Russia,2:31:51,
2004,Athens,74,Mindaugas Pukštas,Lithuania,2:33:02,
2004,Athens,75,Bat-Ochiryn Ser-Od,Mongolia,2:33:24,
2004,Athens,76,Zhu Ronghua,China,2:34:02,
2004,Athens,77,Alfredo Arevalo,Guatemala,2:34:02,
2004,Athens,78,António Zeferino,Cape Verde,2:36:22,
2004,Athens,79,Valery Pisarev,Kyrgyzstan,2:40:10,
2004,Athens,80,Zepherinus Joseph,Saint Lucia,2:44:19,
2004,Athens,81,Marcel Matanin,Slovakia,2:50:26,
2004,Athens,—,Hendrick Ramaala,South Africa,DNF,
2004,Athens,—,Luc Krotwaar,Netherlands,DNS,
2008,Beijing,1,Samuel Wanjiru,Kenya,2:06:32,OR
2008,Beijing,2,Jaouad Gharib,Morocco,2:07:16,
2008,Beijing,3,Tsegaye Kebede,Ethiopia,2:10:00,
2008,Beijing,4,Deriba Merga,Ethiopia,2:10:21,
2008,Beijing,5,Martin Lel,Kenya,2:10:24,
2008,Beijing,6,Viktor Röthlin,Switzerland,2:10:35,
2008,Beijing,7,Gashaw Asfaw,Ethiopia,2:10:52,
2008,Beijing,8,Yared Asmerom,Eritrea,2:11:11,
2008,Beijing,9,Dathan Ritzenhein,United States,2:11:59,
2008,Beijing,10,Ryan Hall,United States,2:12:33,
2008,Beijing,11,Mike Fokoroni,Zimbabwe,2:13:17,PB
2008,Beijing,12,Stefano Baldini,Italy,2:13:25,
2008,Beijing,13,Tsuyoshi Ogata,Japan,2:13:26,SB
2008,Beijing,14,Grigoriy Andreyev,Russia,2:13:33,
2008,Beijing,15,Ruggero Pertile,Italy,2:13:39,
2008,Beijing,16,José Manuel Martínez,Spain,2:14:00,
2008,Beijing,17,Francis Kirwa,Finland,2:14:22,
2008,Beijing,18,Lee Myong-Seung,South Korea,2:14:37,
2008,Beijing,19,Janne Holmén,Finland,2:14:44,
2008,Beijing,20,Abderrahim Goumri,Morocco,2:15:00,
2008,Beijing,21,Aleksey Sokolov,Russia,2:15:57,
2008,Beijing,22,Brian Sell,United States,2:16:07,
2008,Beijing,23,Ottaviano Andriani,Italy,2:16:10,
2008,Beijing,24,Dan Robinson,Great Britain,2:16:14,
2008,Beijing,25,Deng Haiyang,China,2:16:17,
2008,Beijing,26,Abderrahime Bouramdane,Morocco,2:17:42,
2008,Beijing,27,Vasyl Matviychuk,Ukraine,2:17:50,
2008,Beijing,28,Lee Bong-Ju,South Korea,2:17:56,
2008,Beijing,29,Oleg Kulkov,Russia,2:18:11,
2008,Beijing,30,Paulo Gomes,Portugal,2:18:15,
2008,Beijing,31,Alex Malinga,Uganda,2:18:26,
2008,Beijing,32,Carlos Cordero,Mexico,2:18:40,
2008,Beijing,33,Ri Kum-Song,North Korea,2:19:08,
2008,Beijing,34,Henryk Szost,Poland,2:19:43,
2008,Beijing,35,José Amado García,Guatemala,2:20:15,
2008,Beijing,36,Yonas Kifle,Eritrea,2:20:23,
2008,Beijing,37,Nasar Sakar Saeed,Bahrain,2:20:24,
2008,Beijing,38,José de Souza,Brazil,2:20:25,
2008,Beijing,39,Kamiel Maase,Netherlands,2:20:30,
2008,Beijing,40,Pak Song-Chol,North Korea,2:21:16,
2008,Beijing,41,Iaroslav Musinschi,Moldova,2:21:18,
2008,Beijing,42,Kim Il-Nam,North Korea,2:21:51,
2008,Beijing,43,Juan Carlos Cardona,Colombia,2:21:57,
2008,Beijing,44,Hendrick Ramaala,South Africa,2:22:43,
2008,Beijing,45,Arjun Kumar Basnet,Nepal,2:23:09,PB
2008,Beijing,46,Hélder Ornelas,Portugal,2:23:20,
2008,Beijing,47,Procopio Franco,Mexico,2:23:24,
2008,Beijing,48,Nelson Cruz,Cape Verde,2:23:47,
2008,Beijing,49,Roberto Echeverría,Chile,2:23:54,
2008,Beijing,50,Kim Yi-Yong,South Korea,2:23:57,
2008,Beijing,51,Li Zhuhong,China,2:24:08,
2008,Beijing,52,Bat-Ochiryn Ser-Od,Mongolia,2:24:19,
2008,Beijing,53,Norman Dlomo,South Africa,2:24:28,
2008,Beijing,54,Arkadiusz Sowa,Poland,2:24:48,
2008,Beijing,55,Samson Ramadhani,Tanzania,2:25:03,
2008,Beijing,56,Ndabili Bashingili,Botswana,2:25:11,
2008,Beijing,57,Simon Munyutu,France,2:25:50,
2008,Beijing,58,Antoni Bernadó,Andorra,2:26:29,
2008,Beijing,59,Wu Wen-Chien,Chinese Taipei,2:26:55,
2008,Beijing,60,Lee Troop,Australia,2:27:17,
2008,Beijing,61,Constantino León,Peru,2:28:04,
2008,Beijing,62,Goran Stojiljković,Montenegro,2:28:14,
2008,Beijing,63,Alfredo Arévalo,Guatemala,2:28:26,
2008,Beijing,64,Yousf Othman Qader,Qatar,2:28:40,
2008,Beijing,65,Franklin Tenorio,Ecuador,2:29:05,
2008,Beijing,66,Francisco Bautista,Mexico,2:29:28,
2008,Beijing,67,Roman Kejžar,Slovenia,2:29:37,
2008,Beijing,68,Joachim Nshimirimana,Burundi,2:29:55,
2008,Beijing,69,Seteng Ayele,Israel,2:30:07,
2008,Beijing,70,Takhir Mamashayev,Kazakhstan,2:30:26,
2008,Beijing,71,Abdil Ceylan,Turkey,2:31:43,
2008,Beijing,72,José Ríos,Spain,2:32:35,
2008,Beijing,73,Hem Bunting,Cambodia,2:33:32,
2008,Beijing,74,Marcel Tschopp,Liechtenstein,2:35:06,
2008,Beijing,75,Pavel Loskutov,Estonia,2:39:01,
2008,Beijing,76,Atsushi Sato,Japan,2:41:08,
2008,Beijing,—,Tesfayohannes Mesfen,Eritrea,DNF,
2008,Beijing,—,Mohamed Ikoki Msandeki,Tanzania,DNS,
2012,London,1,Stephen Kiprotich,Uganda,2:08:01,
2012,London,2,Abel Kirui,Kenya,2:08:27,
2012,London,3,Wilson Kipsang Kiprotich,Kenya,2:09:37,
2012,London,4,Meb Keflezighi,United States,2:11:06,
2012,London,5,Marílson Gomes dos Santos,Brazil,2:11:10,
2012,London,6,Kentaro Nakamoto,Japan,2:11:16,
2012,London,7,Cuthbert Nyasango,Zimbabwe,2:12:08,PB
2012,London,8,Paulo Roberto Paula,Brazil,2:12:17,
2012,London,9,Henryk Szost,Poland,2:12:28,
2012,London,10,Ruggero Pertile,Italy,2:12:45,
2012,London,11,Viktor Röthlin,Switzerland,2:12:48,
2012,London,12,Oleksandr Sitkovskyy,Ukraine,2:12:56,SB
2012,London,13,Franck De Almeida,Brazil,2:13:35,
2012,London,14,Aleksey Reunkov,Russia,2:13:49,
2012,London,15,Wirimai Juwawo,Zimbabwe,2:14:09,SB
2012,London,16,Michael Shelley,Australia,2:14:10,
2012,London,17,Emmanuel Kipchirchir Mutai,Kenya,2:14:49,
2012,London,18,Rachid Kisri,Morocco,2:15:09,
2012,London,19,Yared Asmerom,Eritrea,2:15:24,
2012,London,20,Dylan Wykes,Canada,2:15:26,
2012,London,21,Raúl Pacheco,Peru,2:15:35,
2012,London,22,Eric Gillis,Canada,2:16:00,
2012,London,23,Dmitriy Safronov,Russia,2:16:04,
2012,London,24,Carles Castillejo,Spain,2:16:17,
2012,London,25,Iaroslav Musinschi,Moldova,2:16:25,
2012,London,26,Marius Ionescu,Romania,2:16:28,
2012,London,27,Reid Coolsaet,Canada,2:16:29,
2012,London,28,Martin Dent,Australia,2:16:29,SB
2012,London,29,Vitaliy Shafar,Ukraine,2:16:36,
2012,London,30,Lee Merrien,Great Britain,2:17:00,
2012,London,31,Ignacio Cáceres,Spain,2:17:11,
2012,London,32,Lee Duhaeng,South Korea,2:17:19,
2012,London,33,Faustine Mussa,Tanzania,2:17:39,
2012,London,34,José Carlos Hernández,Spain,2:17:48,
2012,London,35,Miguel Barzola,Argentina,2:17:54,
2012,London,36,Urige Buta,Norway,2:17:58,
2012,London,37,Grigoriy Andreev,Russia,2:18:20,
2012,London,38,José Amado García,Guatemala,2:18:23,
2012,London,39,Daniel Vargas,Mexico,2:18:26,
2012,London,40,Ryo Yamamoto,Japan,2:18:34,
2012,London,41,Jesper Faurschou,Denmark,2:18:44,
2012,London,42,Kári Steinn Karlsson,Iceland,2:18:47,
2012,London,43,Lusapho April,South Africa,2:19:00,
2012,London,44,Mike Tebulo,Malawi,2:19:11,SB
2012,London,45,Arata Fujiwara,Japan,2:19:11,
2012,London,46,Primoz Kobe,Slovenia,2:19:28,
2012,London,47,Guor Marial,Independent Olympic Athletes,2:19:32,
2012,London,48,Luis Feiteira,Portugal,2:19:40,SB
2012,London,49,Stephen Mokoka,South Africa,2:19:52,
2012,London,50,Miguel Ángel Almachi,Ecuador,2:19:53,
2012,London,51,Ser-Od Bat-Ochir,Mongolia,2:20:10,
2012,London,52,Pak Song-Chol,North Korea,2:20:20,
2012,London,53,Kim Kwang-Hyok,North Korea,2:20:20,
2012,London,54,Dong Guojian,China,2:20:39,
2012,London,55,Anuradha Cooray,Sri Lanka,2:20:41,
2012,London,56,Methkal Abu Drais,Jordan,2:21:00,
2012,London,57,Mark Kenneally,Ireland,2:21:13,
2012,London,58,Yonas Kifle,Eritrea,2:21:25,
2012,London,59,Ivan Babaryka,Ukraine,2:21:52,
2012,London,60,Carlos Cordero,Mexico,2:22:08,
2012,London,61,Scott Overall,Great Britain,2:22:37,
2012,London,62,Pedro Mora,Venezuela,2:22:40,
2012,London,63,Jeff Hunt,Australia,2:22:59,
2012,London,64,Stsiapan Rahautsou,Belarus,2:23:23,
2012,London,65,César Lizano,Costa Rica,2:24:16,
2012,London,66,Samson Ramadhani,Tanzania,2:24:53,SB
2012,London,67,Jan Kreisinger,Czech Republic,2:25:03,
2012,London,68,Mohammed Abduh Bakhet,Qatar,2:25:17,
2012,London,69,Jussi Utriainen,Finland,2:26:25,
2012,London,70,Arturo Malaquias,Mexico,2:26:37,
2012,London,71,Wissem Hosni,Tunisia,2:26:43,
2012,London,72,Tamás Kovács,Hungary,2:27:48,
2012,London,73,Jang Sinkweon,South Korea,2:28:20,
2012,London,74,Toni Bernadó,Andorra,2:28:34,
2012,London,75,Marcel Tschopp,Liechtenstein,2:28:54,
2012,London,76,Bekir Karayel,Turkey,2:29:38,
2012,London,77,Chang Chia-Che,Chinese Taipei,2:29:58,
2012,London,78,Ram Singh Yadav,India,2:30:06,
2012,London,79,Jean Pierre Mvuyekure,Rwanda,2:30:19,
2012,London,80,Konstantinos Poulios,Greece,2:33:17,
2012,London,81,Zohar Zimro,Israel,2:34:59,
2012,London,82,Jeong Jinhyeok,South Korea,2:38:45,
2012,London,83,Juan Carlos Cardona,Colombia,2:40:13,
2012,London,84,Augusto Soares,East Timor,2:45:09,
2012,London,85,Tsepo Ramonene,Lesotho,2:55:54,
2012,London,—,Li Zicheng,China,DNF,
2016,Rio de Janeiro,1,Eliud Kipchoge,Kenya,2:08:44,
2016,Rio de Janeiro,2,Feyisa Lilesa,Ethiopia,2:09:54,
2016,Rio de Janeiro,3,Galen Rupp,United States,2:10:05,PB
2016,Rio de Janeiro,4,Ghirmay Ghebreslassie,Eritrea,2:11:04,
2016,Rio de Janeiro,5,Alphonce Simbu,Tanzania,2:11:15,
2016,Rio de Janeiro,6,Jared Ward,United States,2:11:30,PB
2016,Rio de Janeiro,7,Tadesse Abraham,Switzerland,2:11:42,
2016,Rio de Janeiro,8,Munyo Mutai,Uganda,2:11:49,SB
2016,Rio de Janeiro,9,Callum Hawkins,Great Britain,2:11:52,
2016,Rio de Janeiro,10,Eric Gillis,Canada,2:12:29,
2016,Rio de Janeiro,11,Abdi Nageeye,Netherlands,2:13:01,
2016,Rio de Janeiro,12,Mumin Gala,Djibouti,2:13:04,PB
2016,Rio de Janeiro,13,Lemi Berhanu,Ethiopia,2:13:29,
2016,Rio de Janeiro,14,Stephen Kiprotich,Uganda,2:13:32,
2016,Rio de Janeiro,15,Paulo Roberto Paula,Brazil,2:13:56,SB
2016,Rio de Janeiro,16,Satoru Sasaki,Japan,2:13:57,
2016,Rio de Janeiro,17,Kaan Kigen Özbilen,Turkey,2:14:11,
2016,Rio de Janeiro,18,Bayron Piedra,Ecuador,2:14:12,PB
2016,Rio de Janeiro,19,Sondre Nordstad Moen,Norway,2:14:17,
2016,Rio de Janeiro,20,Oleksandr Sitkovskyy,Ukraine,2:14:24,
2016,Rio de Janeiro,21,Amanuel Mesel,Eritrea,2:14:37,
2016,Rio de Janeiro,22,Koen Naert,Belgium,2:14:53,
2016,Rio de Janeiro,23,Reid Coolsaet,Canada,2:14:58,
2016,Rio de Janeiro,24,Lusapho April,South Africa,2:15:24,
2016,Rio de Janeiro,25,Thanackal Gopi,India,2:15:25,PB
2016,Rio de Janeiro,26,Kheta Ram,India,2:15:26,PB
2016,Rio de Janeiro,27,Pak Chol,North Korea,2:15:27,
2016,Rio de Janeiro,28,Evans Kiplagat Barkowet,Azerbaijan,2:15:31,
2016,Rio de Janeiro,29,Dong Guojian,China,2:15:32,
2016,Rio de Janeiro,30,Ihor Olefirenko,Ukraine,2:15:36,
2016,Rio de Janeiro,31,Liam Adams,Australia,2:16:12,
2016,Rio de Janeiro,32,Paul Pollock,Ireland,2:16:24,
2016,Rio de Janeiro,33,Meb Keflezighi,United States,2:16:46,
2016,Rio de Janeiro,34,Anuradha Indrajith Cooray,Sri Lanka,2:17:06,
2016,Rio de Janeiro,35,Abdi Hakin Ulad,Denmark,2:17:06,
2016,Rio de Janeiro,36,Suehiro Ishikawa,Japan,2:17:08,
2016,Rio de Janeiro,37,Marius Ionescu,Romania,2:17:27,
2016,Rio de Janeiro,38,Ruggero Pertile,Italy,2:17:30,
2016,Rio de Janeiro,39,Artur Kozłowski,Poland,2:17:34,
2016,Rio de Janeiro,40,Nicolas Cuestas,Uruguay,2:17:44,
2016,Rio de Janeiro,41,Pardon Ndhlovu,Zimbabwe,2:17:48,
2016,Rio de Janeiro,42,Víctor Aravena,Chile,2:17:49,
2016,Rio de Janeiro,43,Saidi Juma Makula,Tanzania,2:17:49,
2016,Rio de Janeiro,44,Florent Caelen,Belgium,2:17:59,
2016,Rio de Janeiro,45,Raul Machacuay,Peru,2:18:00,
2016,Rio de Janeiro,46,Richer Pérez,Cuba,2:18:05,
2016,Rio de Janeiro,47,Michael Shelley,Australia,2:18:06,
2016,Rio de Janeiro,48,Ihor Russ,Ukraine,2:18:19,
2016,Rio de Janeiro,49,Carles Castillejo,Spain,2:18:34,
2016,Rio de Janeiro,50,Ernesto Andres Zamora,Uruguay,2:18:36,PB
2016,Rio de Janeiro,51,Ercan Muslu,Turkey,2:18:40,
2016,Rio de Janeiro,52,Cristhian Pacheco,Peru,2:18:41,
2016,Rio de Janeiro,53,Mariano Mastromarino,Argentina,2:18:44,
2016,Rio de Janeiro,54,Daniel Vargas,Mexico,2:18:51,
2016,Rio de Janeiro,55,Philipp Pflieger,Germany,2:18:56,
2016,Rio de Janeiro,56,Willem Van Schuerbeeck,Belgium,2:18:56,SB
2016,Rio de Janeiro,57,Stefano La Rosa,Italy,2:18:57,
2016,Rio de Janeiro,58,Cuthbert Nyasango,Zimbabwe,2:18:58,
2016,Rio de Janeiro,59,Marilson Dos Santos,Brazil,2:19:09,
2016,Rio de Janeiro,60,Tewelde Estifanos,Eritrea,2:19:12,
2016,Rio de Janeiro,61,Roman Fosti,Estonia,2:19:26,
2016,Rio de Janeiro,62,Atef Saad,Tunisia,2:19:50,
2016,Rio de Janeiro,63,Tiidrek Nurme,Estonia,2:20:01,
2016,Rio de Janeiro,64,Kevin Seaward,Ireland,2:20:06,
2016,Rio de Janeiro,65,Jesús España,Spain,2:20:08,
2016,Rio de Janeiro,66,Raúl Pacheco,Peru,2:20:13,
2016,Rio de Janeiro,67,Juan Carlos Trujillo,Guatemala,2:20:24,
2016,Rio de Janeiro,68,Stsiapan Rahautsou,Belarus,2:20:34,
2016,Rio de Janeiro,69,Mynhardt Mbeumuna Kawanivi,Namibia,2:20:45,SB
2016,Rio de Janeiro,70,Julian Flügel,Germany,2:20:47,
2016,Rio de Janeiro,71,Daviti Kharazishvili,Georgia,2:20:47,
2016,Rio de Janeiro,72,Rachid Kisri,Morocco,2:21:00,
2016,Rio de Janeiro,73,Marhu Teferi,Israel,2:21:06,
2016,Rio de Janeiro,74,Remigijus Kančys,Lithuania,2:21:10,
2016,Rio de Janeiro,75,Christian Kreienbuhl,Switzerland,2:21:13,
2016,Rio de Janeiro,76,Mohamed Hrezi,Libya,2:21:17,
2016,Rio de Janeiro,77,Solonei da Silva,Brazil,2:22:05,
2016,Rio de Janeiro,78,Andres Ruiz,Colombia,2:22:09,
2016,Rio de Janeiro,79,Jackson Kiprop,Uganda,2:22:09,
2016,Rio de Janeiro,80,Scott Westcott,Australia,2:22:19,
2016,Rio de Janeiro,81,Guor Marial,South Sudan,2:22:45,SB
2016,Rio de Janeiro,82,Uladzislau Pramau,Belarus,2:22:48,
2016,Rio de Janeiro,83,Nitendra Singh Rawat,India,2:22:52,
2016,Rio de Janeiro,84,Miguel Ángel Almachi,Ecuador,2:23:00,
2016,Rio de Janeiro,85,Ilya Tyapkin,Kyrgyzstan,2:23:19,
2016,Rio de Janeiro,86,Gabor Jozsa,Hungary,2:23:22,
2016,Rio de Janeiro,87,Gerald Giraldo,Colombia,2:23:48,
2016,Rio de Janeiro,88,Luis Ariel Molina,Argentina,2:23:55,
2016,Rio de Janeiro,89,Yonas Kinde,Refugee Olympic Team,2:24:08,
2016,Rio de Janeiro,90,Duo Bujie,China,2:24:22,
2016,Rio de Janeiro,91,Bat-Ochiryn Ser-Od,Mongolia,2:24:26,
2016,Rio de Janeiro,92,Jordan Chipangama,Zambia,2:24:58,
2016,Rio de Janeiro,93,Hisanori Kitajima,Japan,2:25:11,
2016,Rio de Janeiro,94,Lebenya Nkoka,Lesotho,2:25:13,
2016,Rio de Janeiro,95,Zhu Renxue,China,2:25:31,
2016,Rio de Janeiro,96,Sibusiso Nzima,South Africa,2:25:33,
2016,Rio de Janeiro,97,Daniel Estrada,Chile,2:25:33,
2016,Rio de Janeiro,98,Ambroise Uwiragiye,Rwanda,2:25:57,
2016,Rio de Janeiro,99,Ho Chin-ping,Chinese Taipei,2:26:00,
2016,Rio de Janeiro,100,Mihail Krassilov,Kazakhstan,2:26:11,
2016,Rio de Janeiro,101,David Carver,Mauritius,2:26:16,
2016,Rio de Janeiro,102,Mick Clohisey,Ireland,2:26:34,
2016,Rio de Janeiro,103,Hakim Sadi,Algeria,2:26:47,
2016,Rio de Janeiro,104,Roman Prodius,Moldova,2:27:01,
2016,Rio de Janeiro,105,Luis Alberto Orta,Venezuela,2:27:05,
2016,Rio de Janeiro,106,Gantulga Dambadarjaa,Mongolia,2:27:42,
2016,Rio de Janeiro,107,Enzo Yanez,Chile,2:27:47,
2016,Rio de Janeiro,108,Gáspár Csere,Hungary,2:28:03,
2016,Rio de Janeiro,109,Martin Esteban Cuestas,Uruguay,2:28:10,
2016,Rio de Janeiro,110,Valdas Dopolskas,Lithuania,2:28:21,
2016,Rio de Janeiro,111,Fabiano Joseph Naasi,Tanzania,2:28:31,
2016,Rio de Janeiro,112,Makorobondo Salukombo,Democratic Republic of the Congo,2:28:54,
2016,Rio de Janeiro,113,Derek Hawkins,Great Britain,2:29:24,
2016,Rio de Janeiro,114,Pierre-Célestin Nihorimbere,Burundi,2:29:38,
2016,Rio de Janeiro,115,Hristoforos Merousis,Greece,2:29:39,
2016,Rio de Janeiro,116,Anton Kosmac,Slovenia,2:29:48,
2016,Rio de Janeiro,117,José Amado García,Guatemala,2:30:11,
2016,Rio de Janeiro,118,Andjelko Risticevic,Serbia,2:30:17,
2016,Rio de Janeiro,119,Ricardo Ramos,Mexico,2:30:20,
2016,Rio de Janeiro,120,Tesama Moogas,Israel,2:30:30,
2016,Rio de Janeiro,121,Ageze Guadie,Israel,2:30:45,
2016,Rio de Janeiro,122,Rui Pedro Silva,Portugal,2:30:52,
2016,Rio de Janeiro,123,Segundo Jami,Ecuador,2:31:07,
2016,Rio de Janeiro,124,Diego Colorado,Colombia,2:31:20,
2016,Rio de Janeiro,125,Bekir Karayel,Turkey,2:31:27,
2016,Rio de Janeiro,126,Nicolae-Alexandru Soare,Romania,2:31:53,
2016,Rio de Janeiro,127,Yared Shegumo,Poland,2:31:54,
2016,Rio de Janeiro,128,Mohammad Jafar Moradi,Iran,2:31:58,
2016,Rio de Janeiro,129,Byambajav Tseveenravdan,Mongolia,2:36:14,
2016,Rio de Janeiro,130,Son Myeong-jun,South Korea,2:36:21,
2016,Rio de Janeiro,131,Michael Kalomiris,Greece,2:37:03,
2016,Rio de Janeiro,132,Boonthung Srisung,Thailand,2:37:46,
2016,Rio de Janeiro,133,Ricardo Ribas,Portugal,2:38:29,
2016,Rio de Janeiro,134,Jorge Castelblanco,Panama,2:39:25,
2016,Rio de Janeiro,135,Derlis Ayala,Paraguay,2:39:40,
2016,Rio de Janeiro,136,Federico Bruno,Argentina,2:40:05,
2016,Rio de Janeiro,137,Shim Jung-sub,South Korea,2:42:42,
2016,Rio de Janeiro,138,Neko Hiroshi,Cambodia,2:45:55,
2016,Rio de Janeiro,139,Methkal Abu Drais,Jordan,2:46:18,
2016,Rio de Janeiro,—,Wesley Korir,Kenya,DNF,
2016,Rio de Janeiro,—,Abdelmajid El Hissouf,Morocco,2:20:29,
2020,Tokyo,1,Eliud Kipchoge,Kenya,2:08:38,
2020,Tokyo,2,Abdi Nageeye,Netherlands,2:09:58,SB
2020,Tokyo,3,Bashir Abdi,Belgium,2:10:00,SB
2020,Tokyo,4,Lawrence Cherono,Kenya,2:10:02,SB
2020,Tokyo,5,Ayad Lamdassem,Spain,2:10:16,SB
2020,Tokyo,6,Suguru Osako,Japan,2:10:41,SB
2020,Tokyo,7,Alphonce Simbu,Tanzania,2:11:35,SB
2020,Tokyo,8,Galen Rupp,United States,2:11:41,SB
2020,Tokyo,9,Othmane El Goumri,Morocco,2:11:58,
2020,Tokyo,10,Koen Naert,Belgium,2:12:13,SB
2020,Tokyo,11,Mohamed Reda El Aaraby,Morocco,2:12:22,
2020,Tokyo,12,Nicolas Navarro,France,2:12:50,SB
2020,Tokyo,13,Marhu Teferi,Israel,2:13:02,
2020,Tokyo,14,Goitom Kifle,Eritrea,2:13:22,
2020,Tokyo,15,Jeison Suárez,Colombia,2:13:29,
2020,Tokyo,16,Tachlowini Gabriyesos,Refugee Olympic Team,2:14:02,
2020,Tokyo,17,Morhad Amdouni,France,2:14:33,SB
2020,Tokyo,18,Hamza Sahli,Morocco,2:14:48,SB
2020,Tokyo,19,Yang Shaohui,China,2:14:58,
2020,Tokyo,20,Eyob Faniel,Italy,2:15:11,SB
2020,Tokyo,21,Daniel Mateo,Spain,2:15:21,SB
2020,Tokyo,22,Yohanes Ghebregergis,Eritrea,2:15:34,
2020,Tokyo,23,Abdi Hakin Ulad,Denmark,2:15:50,SB
2020,Tokyo,24,Liam Adams,Australia,2:15:51,SB
2020,Tokyo,25,Richard Ringer,Germany,2:16:08,
2020,Tokyo,26,Tiidrek Nurme,Estonia,2:16:16,SB
2020,Tokyo,27,Girmaw Amare,Israel,2:16:17,
2020,Tokyo,28,Jacob Riley,United States,2:16:26,SB
2020,Tokyo,29,Amanal Petros,Germany,2:16:33,SB
2020,Tokyo,30,Eulalio Muñoz,Argentina,2:16:35,SB
2020,Tokyo,31,Peng Jianhua,China,2:16:39,
2020,Tokyo,32,Javier Guerra,Spain,2:16:42,SB
2020,Tokyo,33,Elroy Gelant,South Africa,2:16:43,
2020,Tokyo,34,Oqbe Kibrom Ruesom,Eritrea,2:16:57,SB
2020,Tokyo,35,Zane Robertson,New Zealand,2:17:04,SB
2020,Tokyo,36,Haimro Alame,Israel,2:17:17,
2020,Tokyo,37,Adam Nowicki,Poland,2:17:19,
2020,Tokyo,38,Olivier Irabaruta,Burundi,2:17:44,SB
2020,Tokyo,39,Sondre Nordstad Moen,Norway,2:17:59,SB
2020,Tokyo,40,Abdihakem Abdirahman,United States,2:18:27,SB
2020,Tokyo,41,Tomas Hilifa Rainhold,Namibia,2:18:28,
2020,Tokyo,42,Derlis Ayala,Paraguay,2:18:34,SB
2020,Tokyo,43,Fred Musobo,Uganda,2:18:39,
2020,Tokyo,44,Hassan Chahdi,France,2:18:40,SB
2020,Tokyo,45,Ben Preisner,Canada,2:19:27,SB
2020,Tokyo,46,Yassine El Fathaoui,Italy,2:19:44,SB
2020,Tokyo,47,Trevor Hofbauer,Canada,2:19:57,SB
2020,Tokyo,48,Shim Jung-sub,South Korea,2:20:36,
2020,Tokyo,49,Hendrik Pfeiffer,Germany,2:20:43,SB
2020,Tokyo,50,Felix Chemonges,Uganda,2:20:53,
2020,Tokyo,51,Yavuz Ağralı,Turkey,2:21:00,
2020,Tokyo,52,Joaquín Arbe,Argentina,2:21:15,SB
2020,Tokyo,53,Chris Thompson,Great Britain,2:21:29,
2020,Tokyo,54,Tseveenravdangiin Byambajav,Mongolia,2:21:32,SB
2020,Tokyo,55,José Luis Santana,Mexico,2:21:32,SB
2020,Tokyo,56,Dong Guojian,China,2:21:35,
2020,Tokyo,57,Kevin Seaward,Ireland,2:21:45,SB
2020,Tokyo,58,Dieter Kersten,Belgium,2:22:06,
2020,Tokyo,59,Cristhian Pacheco,Peru,2:22:12,SB
2020,Tokyo,60,Peter Herzog,Austria,2:22:15,SB
2020,Tokyo,61,Shogo Nakamura,Japan,2:22:23,SB
2020,Tokyo,62,Arkadiusz Gardzielewski,Poland,2:22:50,
2020,Tokyo,63,Malcolm Hicks,New Zealand,2:23:12,SB
2020,Tokyo,64,Juan Pacheco,Mexico,2:23:41,SB
2020,Tokyo,65,Brett Robinson,Australia,2:24:04,SB
2020,Tokyo,66,Khoarahlane Seutloali,Lesotho,2:25:03,SB
2020,Tokyo,67,Roman Fosti,Estonia,2:25:37,
2020,Tokyo,68,Paulo Roberto Paula,Brazil,2:26:08,SB
2020,Tokyo,69,Thijs Nijhuis,Denmark,2:26:59,SB
2020,Tokyo,70,Paul Pollock,Ireland,2:27:48,SB
2020,Tokyo,71,Cameron Levins,Canada,2:28:43,
2020,Tokyo,72,Yuma Hattori,Japan,2:30:08,SB
2020,Tokyo,73,Jesús Arturo Esparza,Mexico,2:31:51,SB
2020,Tokyo,74,Jorge Castelblanco,Panama,2:33:22,SB
2020,Tokyo,75,Iván Zarco,Honduras,2:44:36,SB
2020,Tokyo,—,Amos Kipruto,Kenya,–,DNF
