Name,Club,Games,Conversions,Conversion Attempts,Penalty Goals,Penalty Goal Attempts,Goal Kicking %,Drop Goals,Drop Goal Attempts,Drop Goal %,Points,Kicks,Kick Metres,Kick Errors
Hyron Andrews,SHA,7,0,0,0,0,-,0,0,-,5,0,0,0
Craig Burden,SHA,7,0,0,0,0,-,0,0,-,0,0,0,0
Jock Campbell,RED,7,9,18,3,3,57,0,0,-,32,14,398,2
Matt Duffie,BLU,7,0,0,0,0,-,0,0,-,0,5,84,1
Andre Esterhuizen,SHA,7,0,0,0,0,-,0,0,-,10,9,285,0
TJ Faiane,BLU,7,0,0,0,0,-,0,0,-,0,5,76,1
Aphelele Fassi,SHA,7,0,0,0,0,-,0,0,-,15,29,964,0
Isaac Lucas,RED,7,0,0,0,0,-,0,0,-,10,11,490,0
Alex Mafi,RED,7,0,0,0,0,-,0,0,-,5,0,0,0
Sione Mafileo,BLU,7,0,0,0,0,-,0,0,-,0,0,0,0
Tate McDermott,RED,7,0,0,0,0,-,0,0,-,25,12,258,1
Ox Nche,SHA,7,0,0,0,0,-,0,0,-,0,0,0,0
Sam Nock,BLU,7,0,0,0,0,-,0,0,-,0,11,349,1
Sanele Nohamba,SHA,7,1,2,1,2,50,0,0,-,10,22,430,1
Sikhumbuzo Notshe,SHA,7,0,0,0,0,-,0,0,-,5,1,0,0
Stephen Perofeta,BLU,7,4,8,1,4,41,0,0,-,21,31,1081,2
Harry Plummer,BLU,7,2,3,2,3,66,0,0,-,10,12,318,2
Le Roux Roets,SHA,7,0,0,0,0,-,0,0,-,0,0,0,0
Jonathan Ruru,BLU,7,0,0,0,0,-,0,0,-,0,23,506,2
Lukhan Salakaia-Loto,RED,7,0,0,0,0,-,0,0,-,10,0,0,0
Louis Schreuder,SHA,7,0,0,0,0,-,0,0,-,0,29,573,1
Henry Speight,RED,7,0,0,0,0,-,0,0,-,15,2,51,0
Hamish Stewart,RED,7,0,0,0,0,-,0,0,-,5,8,263,0
Mark Telea,BLU,7,0,0,0,0,-,0,0,-,25,0,0,0
Taniela Tupou,RED,7,0,0,0,0,-,0,0,-,15,0,0,0
Ruben Van Heerden,SHA,7,0,0,0,0,-,0,0,-,0,0,0,0
Kerron van Vuuren,SHA,7,0,0,0,0,-,0,0,-,10,0,0,0
Harry Wilson,RED,7,0,0,0,0,-,0,0,-,10,3,51,1
Liam Wright,RED,7,0,0,0,0,-,0,0,-,15,0,0,0
Naitoa Ah Kuoi,CHI,6,0,0,0,0,-,0,0,-,0,0,0,0
Allan Ala'alatoa,BRU,6,0,0,0,0,-,0,0,-,0,0,0,0
Lukhanyo Am,SHA,6,0,0,0,0,-,0,0,-,5,3,101,0
Vince Aso,HUR,6,0,0,0,0,-,0,0,-,5,3,162,0
Asafo Aumua,HUR,6,0,0,0,0,-,0,0,-,5,0,0,0
Tom Banks,BRU,6,1,1,0,0,100,0,0,-,22,3,95,0
Kurtley Beale,WAR,6,0,2,0,2,0,0,0,-,5,25,996,0
Angus Bell,WAR,6,0,0,0,0,-,0,0,-,5,0,0,0
Angus Blyth,RED,6,0,0,0,0,-,0,0,-,0,0,0,0
Emiliano Boffelli,JAG,6,0,1,0,0,0,0,0,-,15,5,240,0
Curwin Bosch,SHA,6,15,22,16,19,75,1,1,100,86,58,1834,1
George Bower,CRU,6,0,0,0,0,-,0,0,-,0,0,0,0
Jaba Bregvadze,SUN,6,0,0,0,0,-,0,0,-,10,1,29,0
Rodrigo Bruni,JAG,6,0,0,0,0,-,0,0,-,10,1,30,0
Jan-Henning Campher,LIO,6,0,0,0,0,-,0,0,-,0,0,0,0
Thomas Christie,CRU,6,0,0,0,0,-,0,0,-,10,0,0,0
Angus Cottrell,REB,6,0,0,0,0,-,0,0,-,10,0,0,0
Jack Dempsey,WAR,6,0,0,0,0,-,0,0,-,10,2,67,0
Murray Douglas,BRU,6,0,0,0,0,-,0,0,-,0,0,0,0
Thomas du Toit,SHA,6,0,0,0,0,-,0,0,-,0,0,0,0
Mitchell Dunshea,CRU,6,0,0,0,0,-,0,0,-,0,0,0,0
Kurt Eklund,BLU,6,0,0,0,0,-,0,0,-,0,0,0,0
Gareth Evans,HUR,6,0,0,0,0,-,0,0,-,5,1,2,0
Tetera Faulkner,WAR,6,0,0,0,0,-,0,0,-,5,0,0,0
Siosaia Fifita,SUN,6,0,0,0,0,-,0,0,-,10,1,28,0
Vaea Fifita,HUR,6,0,0,0,0,-,0,0,-,0,1,26,0
Damien Fitzpatrick,WAR,6,0,0,0,0,-,0,0,-,0,0,0,0
Devan Flanders,HUR,6,0,0,0,0,-,0,0,-,0,0,0,0
Lalakai Foketi,WAR,6,0,0,0,0,-,0,0,-,5,2,31,0
Warrick Gelant,BUL,6,0,0,0,0,-,0,0,-,15,29,1202,1
Blake Gibson,BLU,6,0,0,0,0,-,0,0,-,5,1,19,0
Lizo Gqoboka,BUL,6,0,0,0,0,-,0,0,-,0,0,0,0
Cullen Grace,CRU,6,0,0,0,0,-,0,0,-,0,0,0,0
Tyrone Green,LIO,6,0,0,0,0,-,0,0,-,10,3,109,0
Richard Hardwick,REB,6,0,0,0,0,-,0,0,-,5,0,0,0
Will Harrison,WAR,6,10,13,3,5,72,0,0,-,29,38,1078,2
Dane Haylett-Petty,REB,6,0,0,0,0,-,0,0,-,15,25,1073,1
Ross Haylett-Petty,REB,6,0,0,0,0,-,0,0,-,0,0,0,0
Bryce Hegarty,RED,6,10,13,4,5,77,0,0,-,37,13,419,0
Wiehahn Herbst,BUL,6,0,0,0,0,-,0,0,-,0,0,0,0
Jed Holloway,WAR,6,0,0,0,0,-,0,0,-,0,0,0,0
Michael Hooper,WAR,6,0,0,0,0,-,0,0,-,0,1,9,0
Karmichael Hunt,WAR,6,0,0,0,0,-,0,0,-,0,7,85,0
Pieter Jansen,LIO,6,0,0,0,0,-,0,0,-,0,0,0,0
Elton Jantjies,LIO,6,8,13,7,9,68,0,0,-,42,49,1793,0
Solomone Kata,BRU,6,0,0,0,0,-,0,0,-,25,1,10,0
Andrew Kellaway,REB,6,0,0,0,0,-,0,0,-,35,5,138,1
Du'Plessis Kirifi,HUR,6,0,0,0,0,-,0,0,-,0,0,0,0
Steven Kitshoff,STO,6,0,0,0,0,-,0,0,-,5,0,0,0
Marika Koroibete,REB,6,0,0,0,0,-,0,0,-,10,2,60,0
Johnny Kotze,BUL,6,0,0,0,0,-,0,0,-,0,2,15,1
Marcos Kremer,JAG,6,0,0,0,0,-,0,0,-,5,0,0,0
Daniel Kriel,LIO,6,0,0,0,0,-,0,0,-,10,1,27,0
Tevita Kuridrani,BRU,6,0,0,0,0,-,0,0,-,5,3,59,1
Ben Lam,HUR,6,0,0,0,0,-,0,0,-,25,3,65,1
Ngani Laumape,HUR,6,0,0,0,0,-,0,0,-,10,8,178,0
Rob Leota,REB,6,0,0,0,0,-,0,0,-,0,0,0,0
Dillyn Leyds,STO,6,0,1,0,0,0,0,0,-,0,8,357,0
Tomas Lezana,JAG,6,0,0,0,0,-,0,0,-,0,2,29,0
Noah Lolesio,BRU,6,13,22,1,1,60,1,1,100,32,34,953,4
Ryan Lonergan,BRU,6,7,7,1,1,100,0,0,-,22,15,456,0
Wilco Louw,STO,6,0,0,0,0,-,0,0,-,0,0,0,0
Jack Maddocks,WAR,6,0,0,0,0,-,0,0,-,0,11,524,0
Frans Malherbe,STO,6,0,0,0,0,-,0,0,-,0,0,0,0
Makazole Mapimpi,SHA,6,0,0,0,0,-,0,0,-,25,3,85,0
Joe Marchant,BLU,6,0,0,0,0,-,0,0,-,15,3,73,0
Len Massyn,LIO,6,0,0,0,0,-,0,0,-,0,1,35,0
Connal McInerney,BRU,6,0,0,0,0,-,0,0,-,0,0,0,0
Bill Meakes,REB,6,0,0,0,0,-,0,0,-,5,2,53,0
John-Hubert Meyer,SHA,6,0,0,0,0,-,0,0,-,0,0,0,0
Will Miller,BRU,6,0,0,0,0,-,0,0,-,5,0,0,0
Domingo Miotti,JAG,6,13,14,5,6,90,0,1,0,46,47,1509,0
Salmaan Moerat,STO,6,0,0,0,0,-,0,0,-,0,0,0,0
Julian Montoya,JAG,6,0,0,0,0,-,0,0,-,15,0,0,0
Keisuke Moriya,SUN,6,0,1,0,0,0,0,0,-,5,15,417,1
Matias Moroni,JAG,6,0,0,0,0,-,0,0,-,15,4,63,0
Isireli Naisarani,REB,6,0,0,0,0,-,0,0,-,10,0,0,0
Alex Nankivell,CHI,6,0,0,0,0,-,0,0,-,0,2,71,1
Ruhan Nel,STO,6,0,0,0,0,-,0,0,-,10,2,70,0
Cadeyrn Neville,BRU,6,0,0,0,0,-,0,0,-,5,0,0,0
Alex Newsome,WAR,6,0,0,0,0,-,0,0,-,5,3,103,0
Ruan Nortje,BUL,6,0,0,0,0,-,0,0,-,0,0,0,0
Scarra Ntubeni,STO,6,0,0,0,0,-,0,0,-,5,0,0,0
Trevor Nyakane,BUL,6,0,0,0,0,-,0,0,-,0,0,0,0
James O'Connor,RED,6,0,0,0,0,-,0,0,-,5,34,1240,2
Marvin Orie,LIO,6,0,0,0,0,-,0,0,-,0,0,0,0
Cameron Orr,REB,6,0,0,0,0,-,0,0,-,0,0,0,0
Hunter Paisami,RED,6,0,0,0,0,-,0,0,-,5,3,85,0
Dalton Papali'i,BLU,6,0,0,0,0,-,0,0,-,5,0,0,0
Embrose Papier,BUL,6,0,0,0,0,-,0,1,0,5,15,397,2
Tyler Paul,SHA,6,0,0,0,0,-,0,0,-,5,1,8,0
Lucas Paulos,JAG,6,0,0,0,0,-,0,0,-,0,0,0,0
TJ Perenara,HUR,6,0,0,0,0,-,0,0,-,5,28,645,2
Sergeal Petersen,STO,6,0,0,0,0,-,0,0,-,15,5,57,1
Guido Petti,JAG,6,0,0,0,0,-,0,0,-,5,0,0,0
Matt Philip,REB,6,0,0,0,0,-,0,0,-,0,1,23,0
Joe Powell,BRU,6,0,0,0,0,-,0,0,-,10,21,553,1
Anaru Rangi,REB,6,0,0,0,0,-,0,0,-,15,0,0,0
Sevu Reece,CRU,6,0,0,0,0,-,0,0,-,20,4,119,0
Jamie Roberts,STO,6,0,0,0,0,-,0,0,-,0,1,58,0
Tom Robinson,BLU,6,0,0,0,0,-,0,0,-,5,0,0,0
Luke Romano,CRU,6,0,0,0,0,-,0,0,-,10,0,0,0
Aiden Ross,CHI,6,0,0,0,0,-,0,0,-,5,0,0,0
Carlu Sadie,LIO,6,0,0,0,0,-,0,0,-,0,0,0,0
Naoto Saito,SUN,6,0,0,0,0,-,0,0,-,0,5,145,0
Peter Samu,BRU,6,0,0,0,0,-,0,0,-,10,0,0,0
Tom Sanders,CRU,6,0,0,0,0,-,0,0,-,0,0,0,0
Jake Schatz,SUN,6,0,0,0,0,-,0,0,-,0,0,0,0
Marnus Schoeman,LIO,6,0,0,0,0,-,0,0,-,15,0,0,0
Joel Sclavi,JAG,6,0,0,0,0,-,0,0,-,0,0,0,0
Angus Scott-Young,RED,6,0,0,0,0,-,0,0,-,0,0,0,0
Seabelo Senatla,STO,6,0,0,0,0,-,0,0,-,5,8,164,2
Sithembiso Sithole,LIO,6,0,0,0,0,-,0,0,-,5,0,0,0
James Slipper,BRU,6,0,0,0,0,-,0,0,-,0,0,0,0
Dylan Smith,LIO,6,0,0,0,0,-,0,0,-,0,0,0,0
Fletcher Smith,HUR,6,6,9,0,0,66,0,0,-,17,11,442,0
Jean-Pierre Smith,RED,6,0,0,0,0,-,0,0,-,0,0,0,0
Hoskins Sotutu,BLU,6,0,0,0,0,-,0,0,-,5,2,41,0
Rosko Specman,BUL,6,0,0,0,0,-,0,0,-,20,7,226,0
Tom Staniforth,WAR,6,0,0,0,0,-,0,0,-,0,0,0,0
Morne Steyn,BUL,6,4,6,8,9,80,1,2,50,40,34,1171,0
Michael Stolberg,SUN,6,0,0,0,0,-,0,0,-,10,1,23,0
Joshua Strauss,BUL,6,0,0,0,0,-,0,0,-,0,0,0,0
Lachlan Swinton,WAR,6,0,0,0,0,-,0,0,-,5,0,0,0
Samisoni Taukei'aho,CHI,6,0,0,0,0,-,0,0,-,10,0,0,0
Karl Tu'inukuafe,BLU,6,0,0,0,0,-,0,0,-,5,0,0,0
Patrick Tuipulotu,BLU,6,0,0,0,0,-,0,0,-,5,0,0,0
Ofa Tu'ungafasi,BLU,6,0,0,0,0,-,0,0,-,0,0,0,0
Rob Valetini,BRU,6,0,0,0,0,-,0,0,-,5,0,0,0
Morne van den Berg,LIO,6,0,0,0,0,-,0,0,-,0,5,64,2
Wilhelm van der Sluys,LIO,6,0,0,0,0,-,0,0,-,0,0,0,0
Ernst Van Rhyn,STO,6,0,0,0,0,-,0,0,-,0,0,0,0
Conraad Van Vuuren,SUN,6,0,0,0,0,-,0,0,-,0,0,0,0
Hencus van Wyk,SUN,6,0,0,0,0,-,0,0,-,0,0,0,0
Ivan van Zyl,BUL,6,0,0,0,0,-,0,0,-,0,11,271,0
Henco Venter,SHA,6,0,0,0,0,-,0,0,-,0,0,0,0
James Venter,SHA,6,0,0,0,0,-,0,0,-,5,0,0,0
Jaco Visagie,BUL,6,0,0,0,0,-,0,0,-,5,0,0,0
Mayco Vivas,JAG,6,0,0,0,0,-,0,0,-,0,0,0,0
Michael Wells,REB,6,0,0,0,0,-,0,0,-,0,0,0,0
Damian Willemse,STO,6,9,14,6,9,65,0,0,-,41,41,1360,1
Kotaro Yatabe,SUN,6,0,0,0,0,-,0,0,-,0,0,0,0
Robbie Abel,WAR,5,0,0,0,0,-,0,0,-,0,0,0,0
Jarred Adams,SUN,5,0,0,0,0,-,0,0,-,0,0,0,0
Jermaine Ainsley,REB,5,0,0,0,0,-,0,0,-,0,0,0,0
Michael Ala'alatoa,CRU,5,0,0,0,0,-,0,0,-,0,0,0,0
Solomon Alaimalo,CHI,5,0,0,0,0,-,0,0,-,20,2,72,0
Garth April,SUN,5,8,11,1,1,75,0,0,-,34,29,925,3
Juarno Augustus,STO,5,0,0,0,0,-,0,0,-,10,0,0,0
Jordie Barrett,HUR,5,9,10,8,11,80,0,1,0,42,40,1502,1
Te Ariki Ben-Nicholas,HIG,5,0,0,0,0,-,0,0,-,5,0,0,0
James Blackwell,HUR,5,0,0,0,0,-,0,0,-,0,0,0,0
Jamie Booth,HUR,5,0,0,0,0,-,0,0,-,5,10,181,2
Lachlan Boshier,CHI,5,0,0,0,0,-,0,0,-,15,0,0,0
George Bridge,CRU,5,0,0,0,0,-,0,0,-,15,3,79,0
Mitchell Brown,CHI,5,0,0,0,0,-,0,0,-,0,1,13,0
Brett Cameron,CRU,5,5,5,0,0,100,0,0,-,10,5,180,1
Sam Cane,CHI,5,0,0,0,0,-,0,0,-,0,0,0,0
Santiago Chocobares,JAG,5,0,0,0,0,-,0,0,-,0,0,0,0
Andries Coetzee,LIO,5,1,1,0,0,100,0,0,-,7,10,484,0
Jaco Coetzee,STO,5,0,0,0,0,-,0,0,-,0,0,0,0
Mike Collins,HIG,5,0,0,0,0,-,0,0,-,10,8,158,1
Liam Coltman,HIG,5,0,0,0,0,-,0,0,-,0,0,0,0
Aaron Cruden,CHI,5,8,11,5,6,76,1,1,100,39,22,718,0
James Dargaville,SUN,5,0,0,0,0,-,0,0,-,5,5,144,0
Hacjivah Dayimani,LIO,5,0,0,0,0,-,0,0,-,0,1,0,0
Ash Dixon,HIG,5,0,0,0,0,-,0,0,-,0,0,0,0
Justin Downey,SUN,5,0,0,0,0,-,0,0,-,0,0,0,0
Mitchell Drummond,CRU,5,1,1,0,0,100,0,0,-,2,12,255,0
Jean-Luc du Plessis,STO,5,1,1,0,0,100,0,0,-,2,8,256,0
Johan du Toit,STO,5,0,0,0,0,-,0,0,-,0,0,0,0
Pieter-Steph du Toit,STO,5,0,0,0,0,-,0,0,-,0,0,0,0
JJ Engelbrecht,SUN,5,0,0,0,0,-,0,0,-,0,2,28,0
Braydon Ennor,CRU,5,0,0,0,0,-,0,0,-,20,4,44,1
Leicester Fainga'anuku,CRU,5,0,0,0,0,-,0,0,-,10,3,91,0
Chris Feauai-Sautia,RED,5,0,0,0,0,-,0,0,-,15,1,21,0
Alex Fidow,HUR,5,0,0,0,0,-,0,0,-,5,0,0,0
Ross Geldenhuys,CHI,5,0,0,0,0,-,0,0,-,0,0,0,0
Matt Gibbon,REB,5,0,0,0,0,-,0,0,-,0,0,0,0
Jack Goodhue,CRU,5,0,0,0,0,-,0,0,-,5,4,73,0
Wes Goosen,HUR,5,0,0,0,0,-,0,0,-,5,1,45,0
Bryn Hall,CRU,5,2,2,0,0,100,0,0,-,4,21,490,0
Cornal Hendricks,BUL,5,0,0,0,0,-,0,0,-,10,5,106,0
Harry Hockings,RED,5,0,0,0,0,-,0,0,-,0,0,0,0
Mitch Hunt,HIG,5,1,3,1,1,50,0,0,-,5,32,907,1
Josh Ioane,HIG,5,5,8,6,8,68,0,0,-,33,10,231,0
Mitch Jacobson,SUN,5,0,0,0,0,-,0,0,-,0,0,0,0
Oliver Jager,CRU,5,0,0,0,0,-,0,0,-,0,0,0,0
Herschel Jantjies,STO,5,0,0,0,0,-,0,0,-,15,30,666,3
Harry Johnson-Holmes,WAR,5,0,0,0,0,-,0,0,-,5,0,0,0
Ayden Johnston,HIG,5,0,0,0,0,-,0,0,-,0,0,0,0
Mitch Karpik,CHI,5,0,0,0,0,-,0,0,-,0,1,9,0
Gideon Koegelenberg,REB,5,0,0,0,0,-,0,0,-,0,0,0,0
Manie Libbok,BUL,5,5,8,0,0,62,0,0,-,10,8,235,2
Anton Lienert-Brown,CHI,5,0,0,0,0,-,0,0,-,10,1,21,0
Daniel Lienert-Brown,HIG,5,0,0,0,0,-,0,0,-,0,0,0,0
Frank Lomani,REB,5,2,3,0,0,66,0,0,-,9,4,33,2
Tyrel Lomax,HUR,5,0,0,0,0,-,0,0,-,0,0,0,0
Ryan Louwrens,REB,5,0,0,0,0,-,0,0,-,0,20,466,1
Efitusi Ma'afu,SUN,5,0,0,0,0,-,0,0,-,5,0,0,0
Godlen Masimla,STO,5,0,0,0,0,-,0,0,-,5,5,101,1
Ryan McCauley,WAR,5,0,0,0,0,-,0,0,-,0,0,0,0
Josh McKay,HIG,5,0,0,0,0,-,0,0,-,5,7,222,1
Santiago Medrano,JAG,5,0,0,0,0,-,0,0,-,0,0,0,0
Marino Mikaele-Tu'u,HIG,5,0,0,0,0,-,0,0,-,0,0,0,0
Atunaisa Moli,CHI,5,0,0,0,0,-,0,0,-,0,0,0,0
Andrew Muirhead,BRU,5,0,0,0,0,-,0,0,-,0,0,0,0
Shogo Nakano,SUN,5,0,0,0,0,-,0,0,-,5,1,16,0
Emoni Narawa,BLU,5,0,0,0,0,-,0,0,-,0,2,39,0
Jona Nareki,HIG,5,0,0,0,0,-,0,0,-,15,9,418,0
Mark Nawaqanitawase,WAR,5,0,0,0,0,-,0,0,-,20,6,165,0
Rudy Paige,SUN,5,0,0,0,0,-,0,0,-,0,8,221,0
Jesse Parete,HIG,5,0,0,0,0,-,0,0,-,0,0,0,0
James Parsons,BLU,5,0,0,0,0,-,0,0,-,0,0,0,0
Billy Proctor,HUR,5,0,0,0,0,-,0,0,-,0,1,24,0
Manuel Rass,LIO,5,0,0,0,0,-,0,0,-,0,6,163,1
Izack Rodda,RED,5,0,0,0,0,-,0,0,-,0,0,0,0
Juan Schoeman,SHA,5,0,0,0,0,-,0,0,-,0,0,0,0
Ruben Schoeman,LIO,5,0,0,0,0,-,0,0,-,0,0,0,0
Scott Scrafton,HUR,5,0,0,0,0,-,0,0,-,0,0,0,0
Mitch Short,WAR,5,0,0,0,0,-,0,0,-,0,4,103,0
Rob Simmons,WAR,5,0,0,0,0,-,0,0,-,5,0,0,0
Irae Simone,BRU,5,0,0,0,0,-,0,0,-,10,11,287,1
Scott Sio,BRU,5,0,0,0,0,-,0,0,-,0,0,0,0
Courtnall Skosan,LIO,5,0,0,0,0,-,0,0,-,10,2,26,1
Bradley Slater,CHI,5,0,0,0,0,-,0,0,-,0,0,0,0
Aaron Smith,HIG,5,0,0,1,1,100,0,0,-,8,41,873,2
Pita Gus Sowakula,CHI,5,0,0,0,0,-,0,0,-,5,0,0,0
Gerhardus Steenekamp,BUL,5,0,0,0,0,-,0,0,-,0,0,0,0
Madosh Tambwe,SHA,5,0,0,0,0,-,0,0,-,15,1,36,0
Tautalatasi Tasi,SUN,5,0,0,0,0,-,0,0,-,5,1,17,0
Codie Taylor,CRU,5,0,0,0,0,-,0,0,-,5,0,0,0
Ben Te'o,SUN,5,0,0,0,0,-,0,0,-,0,4,98,0
Nahuel Tetaz Chaparro,JAG,5,0,0,0,0,-,0,0,-,0,0,0,0
Siate Tokolahi,HIG,5,0,0,0,0,-,0,0,-,0,0,0,0
Matt To'omua,REB,5,9,15,6,6,71,0,0,-,36,40,1286,1
Kaleb Trask,CHI,5,3,6,0,0,50,0,0,-,11,13,528,1
Christopher Van Zyl,STO,5,0,0,0,0,-,0,0,-,0,0,0,0
Isaia Walker-Leawere,HUR,5,0,0,0,0,-,0,0,-,0,0,0,0
Jeremy Ward,SHA,5,0,0,0,0,-,0,0,-,0,0,0,0
Brad Weber,CHI,5,0,0,0,0,-,0,0,-,15,25,590,2
Tom Wright,BRU,5,0,0,0,0,-,0,0,-,20,2,39,0
Dane Zander,RED,5,0,0,0,0,-,0,0,-,0,0,0,0
Willem Alberts,LIO,4,0,0,0,0,-,0,0,-,0,0,0,0
Michael Allardice,CHI,4,0,0,0,0,-,0,0,-,0,1,15,0
Tyler Ardron,CHI,4,0,0,0,0,-,0,0,-,0,0,0,0
Fraser Armstrong,HUR,4,0,0,0,0,-,0,0,-,0,0,0,0
Scott Barrett,CRU,4,0,0,0,0,-,0,0,-,0,0,0,0
Gonzalo Bertranou,JAG,4,0,0,0,0,-,0,0,-,0,10,199,2
Otere Black,BLU,4,9,12,8,8,85,0,1,0,42,27,777,0
Sebastian Cancelliere,JAG,4,0,0,0,0,-,0,0,-,5,1,8,0
Santiago Carreras,JAG,4,0,0,0,0,-,0,0,-,5,7,278,0
Tomas Cubelli,JAG,4,0,0,0,0,-,0,0,-,5,16,442,1
Thomas Cusack,BRU,4,0,0,0,0,-,0,0,-,5,0,0,0
Jannie du Plessis,LIO,4,0,0,0,0,-,0,0,-,0,0,0,0
Cabous Eloff,REB,4,0,0,0,0,-,0,0,-,0,0,0,0
Corniel Els,BUL,4,0,0,0,0,-,0,0,-,0,0,0,0
Andries Ferreira,BUL,4,0,0,0,0,-,0,0,-,0,0,0,0
Shannon Frizell,HIG,4,0,0,0,0,-,0,0,-,0,0,0,0
Jake Gordon,WAR,4,0,0,0,0,-,0,0,-,0,16,434,0
Francisco Gorrissen,JAG,4,0,0,0,0,-,0,0,-,0,0,0,0
Kayne Hammington,HIG,4,0,0,0,0,-,0,0,-,0,2,53,0
David Havili,CRU,4,9,13,4,7,65,0,0,-,30,14,308,2
Sione Havili,CRU,4,0,0,0,0,-,0,0,-,10,0,0,0
Dillon Hunt,HIG,4,0,0,0,0,-,0,0,-,5,0,0,0
Rieko Ioane,BLU,4,0,0,0,0,-,0,0,-,20,1,20,0
Juandre Kruger,BUL,4,0,0,0,0,-,0,0,-,0,1,36,0
Tony Lamborn,BLU,4,0,0,0,0,-,0,0,-,5,1,42,0
James Lentjes,HIG,4,0,0,0,0,-,0,0,-,0,0,0,0
Ezekiel Lindenmuth,BLU,4,0,0,0,0,-,0,0,-,0,0,0,0
Andrew Makalio,CRU,4,0,0,0,0,-,0,0,-,0,0,0,0
Juan Cruz Mallia,JAG,4,0,0,0,0,-,0,0,-,0,3,26,2
Scott Malolua,RED,4,0,1,0,0,0,0,0,-,0,6,119,0
Nic Mayhew,SUN,4,0,0,0,0,-,0,0,-,0,0,0,0
Damian McKenzie,CHI,4,8,10,1,3,69,0,0,-,24,22,686,0
Fraser McReight,RED,4,0,0,0,0,-,0,0,-,0,0,0,0
Steven Misa,REB,4,0,0,0,0,-,0,0,-,0,1,20,0
Joe Moody,CRU,4,0,0,0,0,-,0,0,-,5,0,0,0
Richie Mo'unga,CRU,4,3,3,1,1,100,0,0,-,14,20,496,1
Shunsuke Nunomaki,SUN,4,0,0,0,0,-,0,0,-,0,0,0,0
Reuben O'Neill,CHI,4,0,0,0,0,-,0,0,-,0,0,0,0
Jacob Pierce,BLU,4,0,0,0,0,-,0,0,-,0,0,0,0
Pouri Rakete-Stones,HUR,4,0,0,0,0,-,0,0,-,0,0,0,0
Tom Robertson,WAR,4,0,0,0,0,-,0,0,-,0,0,0,0
Divan Rossouw,BUL,4,0,0,0,0,-,0,0,-,0,5,193,1
Jeandre Rudolph,BUL,4,0,0,0,0,-,0,0,-,5,1,27,0
JD Schickerling,STO,4,0,0,0,0,-,0,0,-,0,0,0,0
Santiago Socino,JAG,4,0,0,0,0,-,0,0,-,10,0,0,0
Chad Solomon,STO,4,0,0,0,0,-,0,0,-,0,0,0,0
Ruan Steenkamp,BUL,4,0,0,0,0,-,0,0,-,0,0,0,0
Shaun Stevenson,CHI,4,0,0,0,0,-,0,0,-,15,12,405,2
Te Toiroa Tahuriorangi,CHI,4,0,0,0,0,-,0,0,-,5,11,311,1
Vincent Tshituka,LIO,4,0,0,0,0,-,0,0,-,0,0,0,0
Quinn Tupaea,CHI,4,0,0,0,0,-,0,0,-,5,1,51,0
Tevita Tupou,SUN,4,0,0,0,0,-,0,0,-,0,0,0,0
Isi Tu'ungafasi,CRU,4,0,0,0,0,-,0,0,-,0,0,0,0
Alistair Vermaak,STO,4,0,0,0,0,-,0,0,-,0,0,0,0
Sean Wainui,CHI,4,0,0,0,0,-,0,0,-,10,4,107,0
Andre Warner,LIO,4,0,0,0,0,-,0,0,-,5,18,517,1
Jack Whetton,HIG,4,0,0,0,0,-,0,0,-,0,0,0,0
Cobus Wiese,STO,4,0,0,0,0,-,0,0,-,0,0,0,0
Matias Alemanno,JAG,3,0,0,0,0,-,0,0,-,0,0,0,0
Aaron Carroll,BLU,3,0,0,0,0,-,0,0,-,0,0,0,0
Dane Coles,HUR,3,0,0,0,0,-,0,0,-,5,0,0,0
Filipo Daugunu,RED,3,0,0,0,0,-,0,0,-,0,0,0,0
Jeronimo de la Fuente,JAG,3,0,0,0,0,-,0,0,-,0,0,0,0
Andrew Deegan,REB,3,3,4,1,2,66,0,0,-,14,8,266,0
Bautista Delguy,JAG,3,0,0,0,0,-,0,0,-,0,1,28,0
Joaquin Diaz Bonilla,JAG,3,4,7,1,1,62,0,0,-,11,23,652,0
Josh Dickson,HIG,3,0,0,0,0,-,0,0,-,0,0,0,0
Whetukamokamo Douglas,CRU,3,0,0,0,0,-,0,0,-,0,0,0,0
Tom English,REB,3,0,0,0,0,-,0,0,-,0,2,20,1
Chris Eves,SUN,3,0,0,0,0,-,0,0,-,0,0,0,0
Folau Fainga'a,BRU,3,0,0,0,0,-,0,0,-,25,0,0,0
Jackson Garden-Bachop,HUR,3,1,1,0,0,100,0,0,-,2,21,742,0
Josh Goodhue,BLU,3,0,0,0,0,-,0,0,-,0,0,0,0
Reece Hodge,REB,3,1,1,0,0,100,0,0,-,2,2,81,0
Harry Hoopert,RED,3,0,0,0,0,-,0,0,-,5,0,0,0
Akira Ioane,BLU,3,0,0,0,0,-,0,0,-,5,0,0,0
Will Jordan,CRU,3,0,0,0,0,-,0,0,-,10,10,257,1
Bayley Kuenzle,BRU,3,0,0,0,0,-,0,0,-,0,2,79,0
Harrison Lloyd,BRU,3,0,0,0,0,-,0,0,-,0,0,0,0
Lachlan Lonergan,BRU,3,0,0,0,0,-,0,0,-,0,0,0,0
Lisati Milo-Harris,CHI,3,0,0,0,0,-,0,0,-,0,0,0,0
Joshua Nasser,RED,3,0,0,0,0,-,0,0,-,5,0,0,0
S'busiso Nkosi,SHA,3,0,0,0,0,-,0,0,-,5,4,163,0
Burger  Odendaal,BUL,3,0,0,0,0,-,0,0,-,0,4,96,1
Javier Ortega Desio,JAG,3,0,0,0,0,-,0,0,-,5,0,0,0
Ryno Pieterse,BUL,3,0,0,0,0,-,0,0,-,0,0,0,0
James Ramm,WAR,3,0,0,0,0,-,0,0,-,5,3,133,0
Shaun Reynolds,LIO,3,0,0,0,0,-,0,0,-,0,0,0,0
Ricky Riccitelli,HUR,3,0,0,0,0,-,0,0,-,0,0,0,0
Tom Ross,BRU,3,0,0,0,0,-,0,0,-,0,0,0,0
Wandisile Simelane,LIO,3,0,0,0,0,-,0,0,-,0,1,25,0
Ruan Smith,REB,3,0,0,0,0,-,0,0,-,0,0,0,0
Moses Sorovi,RED,3,0,0,0,0,-,0,0,-,0,1,51,0
Theo Strang,REB,3,0,0,0,0,-,0,0,-,0,0,0,0
Darcy Swain,BRU,3,0,0,0,0,-,0,0,-,0,0,0,0
Rob Thompson,HIG,3,0,0,0,0,-,0,0,-,0,3,81,0
Jamba Ulengo,LIO,3,0,0,0,0,-,0,0,-,5,3,109,0
Marco van Staden,BUL,3,0,0,0,0,-,0,0,-,5,0,0,0
Kobus van Wyk,HUR,3,0,0,0,0,-,0,0,-,20,0,0,0
Ruan Vermaak,LIO,3,0,0,0,0,-,0,0,-,0,0,0,0
Wian Vosloo,BUL,3,0,0,0,0,-,0,0,-,0,0,0,0
Tei Walden,HIG,3,0,0,0,0,-,0,0,-,0,0,0,0
Kwenzokuhle Blose,STO,2,0,0,0,0,-,0,0,-,0,0,0,0
Phendulani Buthelezi,SHA,2,0,0,0,0,-,0,0,-,0,0,0,0
Gerard Cowley Tuioti,BLU,2,0,0,0,0,-,0,0,-,5,0,0,0
Ed Craig,RED,2,0,0,0,0,-,0,0,-,5,0,0,0
Agustin Creevy,JAG,2,0,0,0,0,-,0,0,-,10,0,0,0
Paul de Wet,STO,2,0,0,0,0,-,0,0,-,5,3,78,0
Ereatara Enari,CRU,2,0,0,0,0,-,0,0,-,0,4,98,0
Felipe Ezcurra,JAG,2,0,0,0,0,-,0,0,-,0,4,133,0
Tima Fainga'anuku,HIG,2,0,0,0,0,-,0,0,-,0,0,0,0
Nick Frost,BRU,2,0,0,0,0,-,0,0,-,0,0,0,0
Johan Grobbelaar,BUL,2,0,0,0,0,-,0,0,-,0,0,0,0
John Adrian Groenewald,BUL,2,0,0,0,0,-,0,0,-,0,0,0,0
Jordan Hyland,BLU,2,0,0,0,0,-,0,0,-,0,0,0,0
Ben Hyne,SUN,2,0,0,0,0,-,0,0,-,5,0,0,0
Marius Louw,SHA,2,0,0,0,0,-,0,0,-,0,0,0,0
Tevita Mafileo,HUR,2,0,0,0,0,-,0,0,-,0,0,0,0
Campbell Magnay,REB,2,0,0,0,0,-,0,0,-,0,0,0,0
Mzamo Majola,SHA,2,0,0,0,0,-,0,0,-,5,0,0,0
Tumua Manu,CHI,2,0,0,0,0,-,0,0,-,5,2,79,0
Manasa Mataele,CRU,2,0,0,0,0,-,0,0,-,0,2,84,0
Duncan Matthews,LIO,2,0,0,0,0,-,0,0,-,0,1,48,0
Ben May,HUR,2,0,0,0,0,-,0,0,-,0,0,0,0
Brodie McAlister,CRU,2,0,0,0,0,-,0,0,-,0,0,0,0
Lachlan McCaffrey,BRU,2,0,0,0,0,-,0,0,-,0,0,0,0
Michael McDonald,WAR,2,0,0,0,0,-,0,0,-,0,0,0,0
Dallas McLeod,CRU,2,0,0,0,0,-,0,0,-,0,0,0,0
Lwazi Mvovo,SHA,2,0,0,0,0,-,0,0,-,0,0,0,0
Abongile Nonkontwana,BUL,2,0,0,0,0,-,0,0,-,0,0,0,0
Xavier Numia,HUR,2,0,0,0,0,-,0,0,-,0,0,0,0
Brendon O'Connor,SUN,2,0,0,0,0,-,0,0,-,0,0,0,0
Rory O'Connor,WAR,2,0,0,0,0,-,0,0,-,0,0,0,0
Conan O'Donnell,HIG,2,0,0,0,0,-,0,0,-,0,0,0,0
Jumpei Ogura,SUN,2,2,3,1,1,75,0,0,-,7,1,15,0
Reesjan Pasitoa,BRU,2,1,1,0,0,100,0,0,-,2,0,0,0
Jordan Petaia,RED,2,0,0,0,0,-,0,0,-,0,0,0,0
Rikus Pretorius,STO,2,0,0,0,0,-,0,0,-,0,0,0,0
Reed Prinsep,HUR,2,0,0,0,0,-,0,0,-,0,0,0,0
Toni Pulu,BRU,2,0,0,0,0,-,0,0,-,5,0,0,0
Marcel Renata,BLU,2,0,0,0,0,-,0,0,-,0,0,0,0
Dylan Richardson,SHA,2,0,0,0,0,-,0,0,-,5,0,0,0
Manaaki Selby-Rickit,HIG,2,0,0,0,0,-,0,0,-,0,0,0,0
Dillon Smit,LIO,2,0,0,0,0,-,0,0,-,0,0,0,0
Patrick Tafa,WAR,2,0,0,0,0,-,0,0,-,0,0,0,0
Yoshizumi Takeda,SUN,2,0,0,0,0,-,0,0,-,0,2,50,0
Jeff Thwaites,HIG,2,0,0,0,0,-,0,0,-,0,0,0,0
Luteru Tolai,BLU,2,0,0,0,0,-,0,0,-,0,0,0,0
Nafi Tuitavake,BUL,2,0,0,0,0,-,0,0,-,0,0,0,0
Jordan Uelese,REB,2,0,0,0,0,-,0,0,-,0,0,0,0
Seru Uru,RED,2,0,0,0,0,-,0,0,-,0,0,0,0
Muller Uys,BUL,2,0,0,0,0,-,0,0,-,0,0,0,0
Frans van Wyk,LIO,2,0,0,0,0,-,0,0,-,0,0,0,0
Tomas Albornoz,JAG,1,1,1,0,0,100,0,0,-,2,2,140,0
Leni Apisai,SUN,1,0,0,0,0,-,0,0,-,0,0,0,0
Fergus Burke,CRU,1,2,2,0,0,100,0,0,-,9,0,0,0
Mateo Carreras,JAG,1,0,0,0,0,-,0,0,-,0,6,224,0
Boeta Chamberlain,SHA,1,1,1,0,0,100,0,0,-,2,1,44,0
Cameron Clark,WAR,1,0,0,0,0,-,0,0,-,0,0,0,0
Ryan Coxon,CHI,1,0,0,0,0,-,0,0,-,0,0,0,0
Javier Diaz,JAG,1,0,0,0,0,-,0,0,-,0,0,0,0
Tiaan Falcon,CHI,1,0,0,0,0,-,0,0,-,0,0,0,0
Feao Fotuaika,RED,1,0,0,0,0,-,0,0,-,0,0,0,0
Scott Gregory,HIG,1,0,0,0,0,-,0,0,-,5,0,0,0
Santiago Grondona,JAG,1,0,0,0,0,-,0,0,-,0,0,0,0
Alex Hodgman,BLU,1,0,0,0,0,-,0,0,-,0,0,0,0
Alex Horan,SUN,1,0,0,0,0,-,0,0,-,0,0,0,0
Len Ikitau,BRU,1,0,0,0,0,-,0,0,-,0,0,0,0
Josh Iosefa-Scott,HIG,1,0,0,0,0,-,0,0,-,0,0,0,0
Jordan Jackson-Hope,SUN,1,0,0,0,0,-,0,0,-,0,1,42,0
Luke Jacobson,CHI,1,0,0,0,0,-,0,0,-,0,0,0,0
Marco Jansen van Vuuren,BUL,1,0,0,0,0,-,0,0,-,0,0,0,0
Luke Jones,REB,1,0,0,0,0,-,0,0,-,0,0,0,0
Takahiro Kimura,SUN,1,0,0,0,0,-,0,0,-,0,0,0,0
Siya Kolisi,STO,1,0,0,0,0,-,0,0,-,0,0,0,0
Kirisi Kuridrani,HIG,1,0,0,0,0,-,0,0,-,0,0,0,0
Nepo Laulala,CHI,1,0,0,0,0,-,0,0,-,0,0,0,0
Orbyn Leger,CHI,1,0,0,0,0,-,0,0,-,0,0,0,0
Siosifa Lisala,WAR,1,0,0,0,0,-,0,0,-,0,0,0,0
Donald Maka,CHI,1,0,0,0,0,-,0,0,-,0,0,0,0
James Marshall,HUR,1,0,0,0,0,-,0,0,-,0,0,0,0
Simphiwe Matanzima,BUL,1,0,0,0,0,-,0,0,-,0,0,0,0
Bongi Mbonambi,STO,1,0,0,0,0,-,0,0,-,0,0,0,0
Sam McNicol,CHI,1,0,0,0,0,-,0,0,-,0,2,108,0
David Meihuzen,STO,1,0,0,0,0,-,0,0,-,0,0,0,0
Liam Mitchell,HUR,1,0,0,0,0,-,0,0,-,0,0,0,0
Tepai Moeroa,WAR,1,0,0,0,0,-,0,0,-,0,0,0,0
Franco Naude,BUL,1,0,0,0,0,-,0,0,-,0,0,0,0
Dylan Nel,CHI,1,0,0,0,0,-,0,0,-,0,0,0,0
Ray Niuia,BLU,1,0,0,0,0,-,0,0,-,0,0,0,0
Oliver Norris,CHI,1,0,0,0,0,-,0,0,-,0,0,0,0
Matias Orlando,JAG,1,0,0,0,0,-,0,0,-,0,0,0,0
Brandon Paenga-Amosa,RED,1,0,0,0,0,-,0,0,-,0,0,0,0
Pari Pari Parkinson,HIG,1,0,0,0,0,-,0,0,-,0,0,0,0
Juan Bautista Pedemonte,JAG,1,0,0,0,0,-,0,0,-,0,0,0,0
Ngane Punivai,HIG,1,0,0,0,0,-,0,0,-,0,0,0,0
Hugh Roach,CRU,1,0,0,0,0,-,0,0,-,0,0,0,0
Ethan Roots,CRU,1,0,0,0,0,-,0,0,-,0,0,0,0
Fereti Sa'aga,REB,1,0,0,0,0,-,0,0,-,0,0,0,0
Lucio Sordoni,JAG,1,0,0,0,0,-,0,0,-,0,0,0,0
Tiaan Swanepoel,LIO,1,0,0,0,0,-,0,0,-,0,2,106,0
Angus Ta'avao,CHI,1,0,0,0,0,-,0,0,-,0,0,0,0
Chris Talakai,WAR,1,0,0,0,0,-,0,0,-,0,0,0,0
Jonathan Taumateine,HUR,1,0,0,0,0,-,0,0,-,0,0,0,0
Corey Thomas,SUN,1,0,0,0,0,-,0,0,-,0,0,0,0
Adam Thomson,CHI,1,0,0,0,0,-,0,0,-,0,0,0,0
Chase Tiatia,HUR,1,1,2,0,0,50,0,0,-,12,1,36,0
Carlo Tizzano,WAR,1,0,0,0,0,-,0,0,-,0,0,0,0
Patelesio Tomkinson,HIG,1,0,0,0,0,-,0,0,-,0,1,46,0
Andrew Tuala,WAR,1,0,0,0,0,-,0,0,-,0,0,0,0
Joaquin Tuculet,JAG,1,0,0,0,0,-,0,0,-,5,2,54,0
Peter Umaga-Jensen,HUR,1,0,0,0,0,-,0,0,-,0,0,0,0
Joe Walsh,BLU,1,0,0,0,0,-,0,0,-,0,0,0,0
Kyo Yoshida,SUN,1,0,0,0,0,-,0,0,-,0,0,0,0
