Name,Club,Games,Tries,Try Assists,Points,Possessions,Runs,Run Metres,Pick & Drives,Linebreaks,LB Assists,Tackle Busts,Offloads,Passes,Lineout Wins Own,Lineout Wins Opp,Kicks,Kick Metres,Kick Errors
H. Andrews,SHA,7,1,0,5,26,7,68,0,2,0,0,0,30,17,3,0,0,0
C. Burden,SHA,7,0,0,0,13,4,13,1,0,0,1,1,6,0,0,0,0,0
J. Campbell,RED,7,1,2,32,74,35,412,0,8,4,17,2,21,0,0,14,398,2
M. Duffie,BLU,7,0,2,0,60,32,243,1,2,2,4,3,20,0,0,5,84,1
A. Esterhuizen,SHA,7,2,2,10,84,40,284,0,2,4,13,4,31,0,0,9,285,0
T. Faiane,BLU,7,0,5,0,98,45,278,1,4,3,8,4,49,0,0,5,76,1
A. Fassi,SHA,7,3,2,15,116,55,619,0,8,0,22,3,21,0,0,29,964,0
I. Lucas,RED,7,2,3,10,121,30,177,0,4,4,9,3,79,0,0,11,490,0
A. Mafi,RED,7,1,0,5,65,36,222,1,3,1,4,2,25,0,0,0,0,0
S. Mafileo,BLU,7,0,0,0,22,16,50,2,0,0,1,0,5,0,0,0,0,0
T. McDermott,RED,7,5,4,25,361,22,127,0,3,6,7,2,321,0,0,12,258,1
O. Nche,SHA,7,0,1,0,40,24,121,2,0,2,4,3,18,0,0,0,0,0
S. Nock,BLU,7,0,0,0,286,11,113,1,1,1,2,4,266,0,0,11,349,1
S. Nohamba,SHA,7,1,0,10,206,10,90,0,2,1,2,1,167,0,0,22,430,1
S. Notshe,SHA,7,1,1,5,78,50,345,4,5,2,17,3,24,3,0,1,0,0
S. Perofeta,BLU,7,2,3,21,188,51,353,1,4,8,17,3,106,0,0,31,1081,2
H. Plummer,BLU,7,0,0,10,51,12,73,0,0,1,5,0,23,0,0,12,318,2
L. Roets,SHA,7,0,0,0,19,16,60,2,0,0,2,2,5,2,0,0,0,0
J. Ruru,BLU,7,0,1,0,276,16,49,2,0,2,3,4,231,0,0,23,506,2
L. Salakaia-Loto,RED,7,2,0,10,71,52,279,3,6,1,9,9,36,18,2,0,0,0
L. Schreuder,SHA,7,0,1,0,251,1,13,0,0,3,0,0,218,0,0,29,573,1
H. Speight,RED,7,3,4,15,75,51,512,0,6,2,11,8,21,0,0,2,51,0
H. Stewart,RED,7,1,0,5,78,35,286,0,3,6,2,2,32,0,0,8,263,0
M. Telea,BLU,7,5,1,25,91,64,729,4,5,1,47,7,23,0,0,0,0,0
T. Tupou,RED,7,3,2,15,56,35,194,6,7,3,12,4,18,0,0,0,0,0
R. Van Heerden,SHA,7,0,0,0,54,37,163,2,0,0,7,1,21,16,0,0,0,0
K. van Vuuren,SHA,7,2,1,10,31,19,94,1,1,0,3,2,12,0,0,0,0,0
H. Wilson,RED,7,2,1,10,138,88,486,11,6,2,11,11,52,2,0,3,51,1
L. Wright,RED,7,3,0,15,61,36,153,5,1,2,7,5,26,4,0,0,0,0
N. Ah Kuoi,CHI,6,0,0,0,20,15,50,3,0,0,2,2,9,3,2,0,0,0
A. Ala'alatoa,BRU,6,0,2,0,54,31,121,1,1,2,3,1,20,0,0,0,0,0
L. Am,SHA,6,1,1,5,53,20,161,0,0,0,9,3,26,0,0,3,101,0
V. Aso,HUR,6,1,3,5,53,21,186,1,3,6,6,7,29,0,0,3,162,0
A. Aumua,HUR,6,1,1,5,35,26,204,1,2,1,9,2,8,0,0,0,0,0
T. Banks,BRU,6,4,3,22,88,52,489,0,7,3,13,3,25,0,0,3,95,0
K. Beale,WAR,6,1,2,5,145,37,393,0,4,6,7,4,76,0,0,25,996,0
A. Bell,WAR,6,1,0,5,44,29,171,1,3,1,5,2,12,0,0,0,0,0
A. Blyth,RED,6,0,0,0,25,12,67,0,1,0,0,0,18,7,1,0,0,0
E. Boffelli,JAG,6,3,2,15,75,37,379,1,8,1,13,4,27,0,0,5,240,0
C. Bosch,SHA,6,1,3,86,163,18,131,0,0,2,3,1,87,0,0,58,1834,1
G. Bower,CRU,6,0,1,0,26,18,69,0,0,1,2,0,8,0,0,0,0,0
J. Bregvadze,SUN,6,2,0,10,27,16,49,0,0,0,0,1,8,0,0,1,29,0
R. Bruni,JAG,6,2,0,10,61,42,227,1,2,1,5,2,17,0,0,1,30,0
J. Campher,LIO,6,0,0,0,20,11,102,0,3,0,1,2,6,0,0,0,0,0
T. Christie,CRU,6,2,0,10,53,28,149,2,1,1,2,1,20,1,0,0,0,0
A. Cottrell,REB,6,2,0,10,34,23,123,2,3,0,7,2,15,6,2,0,0,0
J. Dempsey,WAR,6,2,0,10,58,38,216,5,2,1,13,3,25,12,0,2,67,0
M. Douglas,BRU,6,0,1,0,38,27,74,2,0,1,0,2,27,24,0,0,0,0
T. du Toit,SHA,6,0,0,0,31,20,98,1,0,0,0,2,10,0,0,0,0,0
M. Dunshea,CRU,6,0,0,0,47,33,239,1,2,0,5,1,22,17,4,0,0,0
K. Eklund,BLU,6,0,0,0,30,22,106,1,0,0,5,1,8,0,0,0,0,0
G. Evans,HUR,6,1,1,5,67,33,206,0,1,3,3,3,43,11,2,1,2,0
T. Faulkner,WAR,6,1,0,5,15,11,40,0,1,0,3,0,1,0,0,0,0,0
S. Fifita,SUN,6,2,0,10,54,37,364,2,7,0,12,4,13,0,0,1,28,0
V. Fifita,HUR,6,0,1,0,42,32,175,2,2,2,5,7,26,9,3,1,26,0
D. Fitzpatrick,WAR,6,0,1,0,30,12,69,1,2,1,0,1,14,0,0,0,0,0
D. Flanders,HUR,6,0,0,0,9,6,51,0,1,0,3,0,5,3,0,0,0,0
L. Foketi,WAR,6,1,0,5,32,17,161,0,2,0,7,0,8,0,0,2,31,0
W. Gelant,BUL,6,3,1,15,137,38,296,0,2,8,11,8,65,0,0,29,1202,1
B. Gibson,BLU,6,1,0,5,24,11,60,1,1,0,5,0,12,7,1,1,19,0
L. Gqoboka,BUL,6,0,0,0,23,20,99,1,0,0,3,0,1,0,0,0,0,0
C. Grace,CRU,6,0,0,0,39,30,191,3,2,0,2,3,22,19,3,0,0,0
T. Green,LIO,6,2,0,10,69,44,398,1,4,1,16,5,23,0,0,3,109,0
R. Hardwick,REB,6,1,1,5,41,24,147,0,1,1,6,6,18,0,0,0,0,0
W. Harrison,WAR,6,0,1,29,185,39,324,0,3,1,18,4,109,0,0,38,1078,2
D. Haylett-Petty,REB,6,3,2,15,104,47,472,0,3,4,16,3,22,0,0,25,1073,1
R. Haylett-Petty,REB,6,0,0,0,19,10,42,2,0,0,0,1,16,12,2,0,0,0
B. Hegarty,RED,6,1,0,37,48,14,93,0,1,0,3,3,20,0,0,13,419,0
W. Herbst,BUL,6,0,0,0,11,9,25,0,0,0,0,0,1,0,0,0,0,0
J. Holloway,WAR,6,0,1,0,31,17,91,0,0,1,0,0,17,4,1,0,0,0
M. Hooper,WAR,6,0,2,0,93,50,238,13,2,4,12,4,38,0,0,1,9,0
K. Hunt,WAR,6,0,1,0,90,31,244,0,0,5,6,9,63,0,0,7,85,0
P. Jansen,LIO,6,0,0,0,18,13,72,0,1,0,1,0,1,0,0,0,0,0
E. Jantjies,LIO,6,1,2,42,229,33,277,0,3,2,8,2,140,0,0,49,1793,0
S. Kata,BRU,6,5,1,25,50,31,283,1,3,2,15,2,13,0,0,1,10,0
A. Kellaway,REB,6,7,1,35,57,31,383,0,9,0,8,4,16,0,0,5,138,1
D. Kirifi,HUR,6,0,0,0,63,28,163,1,1,1,3,1,25,0,0,0,0,0
S. Kitshoff,STO,6,1,0,5,51,41,186,1,3,0,7,0,4,0,0,0,0,0
M. Koroibete,REB,6,2,0,10,59,34,319,2,4,1,11,9,28,0,0,2,60,0
J. Kotze,BUL,6,0,0,0,62,34,362,0,6,2,14,0,20,0,0,2,15,1
M. Kremer,JAG,6,1,0,5,65,54,235,3,1,1,4,1,7,4,0,0,0,0
D. Kriel,LIO,6,2,0,10,70,41,248,0,2,2,8,3,29,0,0,1,27,0
T. Kuridrani,BRU,6,1,1,5,60,51,371,0,2,1,7,4,11,0,0,3,59,1
B. Lam,HUR,6,5,0,25,52,37,472,0,4,2,11,6,10,0,0,3,65,1
N. Laumape,HUR,6,2,1,10,98,44,443,0,5,3,15,6,41,0,0,8,178,0
R. Leota,REB,6,0,0,0,18,10,44,2,0,0,2,0,8,2,0,0,0,0
D. Leyds,STO,6,0,1,0,92,31,299,1,2,2,7,5,50,0,0,8,357,0
T. Lezana,JAG,6,0,0,0,47,29,140,2,0,0,6,0,20,3,1,2,29,0
N. Lolesio,BRU,6,0,3,32,175,35,232,0,1,5,17,6,102,0,0,34,953,4
R. Lonergan,BRU,6,1,0,22,146,3,22,0,0,1,0,0,124,0,0,15,456,0
W. Louw,STO,6,0,0,0,5,4,18,0,0,0,1,0,1,0,0,0,0,0
J. Maddocks,WAR,6,0,1,0,66,30,310,0,4,3,5,7,27,0,0,11,524,0
F. Malherbe,STO,6,0,0,0,10,7,23,0,0,0,0,0,1,0,0,0,0,0
M. Mapimpi,SHA,6,5,1,25,33,23,332,0,3,0,11,0,7,0,0,3,85,0
J. Marchant,BLU,6,3,1,15,58,30,298,1,3,2,16,3,22,0,0,3,73,0
L. Massyn,LIO,6,0,1,0,37,29,225,1,0,1,4,2,17,19,0,1,35,0
C. McInerney,BRU,6,0,0,0,49,32,103,1,0,0,4,0,14,0,0,0,0,0
B. Meakes,REB,6,1,1,5,84,44,313,0,3,1,16,1,31,0,0,2,53,0
J. Meyer,SHA,6,0,0,0,8,5,21,0,0,1,0,0,3,0,0,0,0,0
W. Miller,BRU,6,1,0,5,43,15,79,0,1,1,6,1,21,1,0,0,0,0
D. Miotti,JAG,6,1,3,46,175,17,88,0,1,8,7,1,99,0,0,47,1509,0
S. Moerat,STO,6,0,0,0,15,12,30,1,0,0,0,1,13,14,1,0,0,0
J. Montoya,JAG,6,3,0,15,32,13,46,1,0,0,2,1,11,0,0,0,0,0
K. Moriya,SUN,6,1,2,5,63,11,72,0,2,3,1,1,34,0,0,15,417,1
M. Moroni,JAG,6,3,0,15,44,25,223,2,3,2,8,6,13,0,0,4,63,0
I. Naisarani,REB,6,2,0,10,92,74,453,9,5,2,20,5,20,2,0,0,0,0
A. Nankivell,CHI,6,0,0,0,55,31,193,0,0,1,5,1,22,0,0,2,71,1
R. Nel,STO,6,2,0,10,46,29,250,0,4,1,8,4,15,0,0,2,70,0
C. Neville,BRU,6,1,0,5,39,23,109,2,1,0,5,1,22,28,2,0,0,0
A. Newsome,WAR,6,1,1,5,60,33,274,0,2,2,7,4,24,0,0,3,103,0
R. Nortje,BUL,6,0,0,0,26,17,55,0,0,0,1,0,9,19,1,0,0,0
S. Ntubeni,STO,6,1,0,5,26,14,61,0,0,0,0,0,10,0,0,0,0,0
T. Nyakane,BUL,6,0,0,0,16,13,71,1,1,0,1,0,1,0,0,0,0,0
J. O'Connor,RED,6,1,3,5,183,43,316,0,3,9,16,9,111,0,0,34,1240,2
M. Orie,LIO,6,0,0,0,54,33,104,0,0,1,1,0,32,26,4,0,0,0
C. Orr,REB,6,0,0,0,18,12,55,1,0,0,1,1,4,0,0,0,0,0
H. Paisami,RED,6,1,0,5,66,47,383,0,4,1,16,7,15,0,0,3,85,0
D. Papali'i,BLU,6,1,0,5,34,21,128,1,2,0,7,5,15,8,0,0,0,0
E. Papier,BUL,6,1,1,5,208,9,112,0,3,1,7,1,181,0,0,15,397,2
T. Paul,SHA,6,1,0,5,64,41,182,0,1,0,4,1,16,4,2,1,8,0
L. Paulos,JAG,6,0,0,0,30,18,75,2,0,0,0,0,6,6,0,0,0,0
T. Perenara,HUR,6,1,1,5,348,15,91,0,3,2,2,2,299,0,0,28,645,2
S. Petersen,STO,6,3,1,15,43,20,212,0,5,1,4,1,15,0,0,5,57,1
G. Petti,JAG,6,1,0,5,48,32,164,5,1,0,7,0,26,34,5,0,0,0
M. Philip,REB,6,0,0,0,69,52,221,2,1,1,3,5,31,27,5,1,23,0
J. Powell,BRU,6,2,2,10,351,11,78,1,1,3,3,0,306,0,0,21,553,1
A. Rangi,REB,6,3,0,15,48,33,127,2,3,0,4,0,7,0,0,0,0,0
S. Reece,CRU,6,4,1,20,76,41,345,1,6,2,14,11,30,0,0,4,119,0
J. Roberts,STO,6,0,0,0,61,42,238,0,0,2,9,6,18,0,0,1,58,0
T. Robinson,BLU,6,1,0,5,51,41,216,5,2,0,6,1,17,15,2,0,0,0
L. Romano,CRU,6,2,0,10,48,36,156,4,2,0,5,0,12,7,1,0,0,0
A. Ross,CHI,6,1,0,5,27,20,67,4,1,0,5,0,5,0,0,0,0,0
C. Sadie,LIO,6,0,0,0,33,29,121,0,0,0,3,0,4,0,0,0,0,0
N. Saito,SUN,6,0,1,0,193,1,12,0,0,1,0,0,181,0,0,5,145,0
P. Samu,BRU,6,2,0,10,48,27,244,3,5,0,13,2,26,9,0,0,0,0
T. Sanders,CRU,6,0,1,0,86,62,333,2,2,0,10,5,25,4,1,0,0,0
J. Schatz,SUN,6,0,0,0,63,40,173,2,0,0,1,1,25,4,0,0,0,0
M. Schoeman,LIO,6,3,0,15,81,42,165,4,1,0,8,1,26,1,0,0,0,0
J. Sclavi,JAG,6,0,0,0,16,13,50,1,0,0,0,0,3,0,0,0,0,0
A. Scott-Young,RED,6,0,0,0,47,36,151,2,0,1,5,3,21,13,0,0,0,0
S. Senatla,STO,6,1,0,5,49,22,185,0,2,3,4,2,17,0,0,8,164,2
S. Sithole,LIO,6,1,0,5,20,12,29,1,1,0,2,1,7,0,0,0,0,0
J. Slipper,BRU,6,0,1,0,49,36,152,3,0,1,4,1,13,0,0,0,0,0
D. Smith,LIO,6,0,0,0,30,25,87,1,0,0,0,1,5,0,0,0,0,0
F. Smith,HUR,6,1,0,17,81,13,102,0,2,5,4,4,56,0,0,11,442,0
JP. Smith,RED,6,0,0,0,35,28,99,3,0,0,0,0,6,0,0,0,0,0
H. Sotutu,BLU,6,1,1,5,95,59,492,10,7,1,20,8,37,3,1,2,41,0
R. Specman,BUL,6,4,1,20,75,36,476,1,10,1,14,8,30,0,0,7,226,0
T. Staniforth,WAR,6,0,0,0,67,44,178,4,0,0,4,3,25,6,0,0,0,0
M. Steyn,BUL,6,1,2,40,120,6,28,0,1,4,0,1,77,0,0,34,1171,0
M. Stolberg,SUN,6,2,0,10,39,23,148,2,3,1,5,2,35,34,3,1,23,0
J. Strauss,BUL,6,0,0,0,47,36,205,2,0,1,5,5,15,1,0,0,0,0
L. Swinton,WAR,6,1,0,5,67,44,257,1,2,0,4,0,28,14,1,0,0,0
S. Taukei'aho,CHI,6,2,0,10,56,45,161,11,1,0,6,1,8,0,0,0,0,0
K. Tu'inukuafe,BLU,6,1,0,5,38,28,120,4,1,0,3,1,9,0,0,0,0,0
P. Tuipulotu,BLU,6,1,0,5,51,37,176,3,1,0,7,1,20,12,2,0,0,0
O. Tu'ungafasi,BLU,6,0,0,0,30,25,97,3,0,0,5,0,5,0,0,0,0,0
R. Valetini,BRU,6,1,1,5,55,42,277,3,2,0,14,3,17,2,0,0,0,0
M. van den Berg,LIO,6,0,1,0,231,16,62,0,0,1,5,3,207,0,0,5,64,2
W. van der Sluys,LIO,6,0,0,0,18,11,39,0,0,0,0,0,8,6,0,0,0,0
E. Van Rhyn,STO,6,0,0,0,16,11,69,0,1,0,2,0,5,3,0,0,0,0
C. Van Vuuren,SUN,6,0,0,0,25,21,52,5,0,0,2,0,4,0,0,0,0,0
H. van Wyk,SUN,6,0,0,0,18,12,57,1,1,0,3,0,2,0,0,0,0,0
I. van Zyl,BUL,6,0,0,0,207,4,15,0,0,0,0,1,187,0,0,11,271,0
H. Venter,SHA,6,0,0,0,22,16,102,3,0,0,0,1,9,3,0,0,0,0
J. Venter,SHA,6,1,0,5,50,33,228,2,1,0,6,1,16,1,0,0,0,0
J. Visagie,BUL,6,1,1,5,21,13,60,1,1,0,1,1,7,0,0,0,0,0
M. Vivas,JAG,6,0,0,0,19,12,46,0,0,0,1,0,6,0,0,0,0,0
M. Wells,REB,6,0,0,0,25,16,116,1,2,0,2,0,6,0,0,0,0,0
D. Willemse,STO,6,1,2,41,144,33,326,0,1,4,16,2,60,0,0,41,1360,1
K. Yatabe,SUN,6,0,0,0,24,21,51,2,0,0,2,0,6,5,1,0,0,0
R. Abel,WAR,5,0,0,0,39,18,56,5,0,1,0,2,18,0,0,0,0,0
J. Adams,SUN,5,0,1,0,24,18,107,3,2,1,4,1,4,0,0,0,0,0
J. Ainsley,REB,5,0,0,0,21,13,63,1,0,0,2,0,6,0,0,0,0,0
M. Ala'alatoa,CRU,5,0,1,0,46,30,99,1,0,2,5,1,15,0,0,0,0,0
S. Alaimalo,CHI,5,4,1,20,51,33,345,3,4,1,12,6,20,0,0,2,72,0
G. April,SUN,5,3,0,34,157,27,301,0,4,2,7,9,106,0,0,29,925,3
J. Augustus,STO,5,2,2,10,29,20,126,2,4,1,9,2,11,0,0,0,0,0
J. Barrett,HUR,5,0,2,42,119,38,301,0,1,3,15,5,35,0,0,40,1502,1
T. Ben-Nicholas,HIG,5,1,0,5,19,12,40,0,1,0,4,0,6,4,0,0,0,0
J. Blackwell,HUR,5,0,0,0,35,21,101,0,2,0,2,0,14,9,0,0,0,0
J. Booth,HUR,5,1,0,5,117,5,96,0,1,1,1,0,101,0,0,10,181,2
L. Boshier,CHI,5,3,0,15,47,25,139,1,2,0,7,0,21,8,0,0,0,0
G. Bridge,CRU,5,3,2,15,94,61,518,0,4,4,21,7,32,0,0,3,79,0
M. Brown,CHI,5,0,0,0,23,13,49,0,0,0,0,0,18,13,3,1,13,0
B. Cameron,CRU,5,0,0,10,64,7,40,0,0,1,0,1,46,0,0,5,180,1
S. Cane,CHI,5,0,0,0,48,25,98,0,0,0,3,1,23,2,0,0,0,0
S. Chocobares,JAG,5,0,0,0,14,7,34,0,0,0,5,0,3,0,0,0,0,0
A. Coetzee,LIO,5,1,0,7,82,37,304,0,2,0,15,4,32,0,0,10,484,0
J. Coetzee,STO,5,0,0,0,37,26,173,3,1,2,13,4,9,1,0,0,0,0
M. Collins,HIG,5,2,0,10,50,33,286,0,2,0,8,5,15,0,0,8,158,1
L. Coltman,HIG,5,0,0,0,20,15,60,1,0,0,1,1,3,0,0,0,0,0
A. Cruden,CHI,5,1,1,39,97,23,147,0,1,4,6,4,54,0,0,22,718,0
J. Dargaville,SUN,5,1,1,5,51,33,353,0,1,2,11,1,10,0,0,5,144,0
H. Dayimani,LIO,5,0,1,0,23,17,105,0,2,1,9,2,11,4,0,1,0,0
A. Dixon,HIG,5,0,0,0,29,21,56,1,0,0,2,0,7,0,0,0,0,0
J. Downey,SUN,5,0,0,0,45,38,139,12,0,0,3,0,9,4,0,0,0,0
M. Drummond,CRU,5,0,1,2,184,5,29,0,0,0,1,6,166,0,0,12,255,0
J. du Plessis,STO,5,0,0,2,34,6,41,0,0,1,1,1,18,0,0,8,256,0
J. du Toit,STO,5,0,1,0,15,15,63,1,0,1,2,1,4,4,0,0,0,0
P. du Toit,STO,5,0,0,0,37,30,136,5,0,0,4,1,14,14,0,0,0,0
J. Engelbrecht,SUN,5,0,0,0,27,12,109,0,1,0,3,2,12,0,0,2,28,0
B. Ennor,CRU,5,4,2,20,52,23,264,0,5,4,11,4,22,0,0,4,44,1
L. Fainga'anuku,CRU,5,2,0,10,46,33,337,4,5,0,17,7,11,0,0,3,91,0
C. Feauai-Sautia,RED,5,3,0,15,45,34,274,0,4,0,13,5,11,0,0,1,21,0
A. Fidow,HUR,5,1,0,5,20,16,89,1,1,1,1,3,6,0,0,0,0,0
R. Geldenhuys,CHI,5,0,0,0,7,5,18,0,0,0,1,0,2,0,0,0,0,0
M. Gibbon,REB,5,0,0,0,23,16,43,2,0,0,1,1,6,0,0,0,0,0
J. Goodhue,CRU,5,1,3,5,81,36,288,1,3,6,11,11,47,0,0,4,73,0
W. Goosen,HUR,5,1,0,5,40,27,246,0,3,0,10,0,5,0,0,1,45,0
B. Hall,CRU,5,0,2,4,271,7,17,1,0,3,0,0,242,0,0,21,490,0
C. Hendricks,BUL,5,2,0,10,48,27,262,0,3,0,9,1,13,0,0,5,106,0
H. Hockings,RED,5,0,0,0,48,25,101,0,1,0,0,5,38,16,3,0,0,0
M. Hunt,HIG,5,0,2,5,119,18,101,0,1,5,6,1,61,0,0,32,907,1
J. Ioane,HIG,5,1,1,33,59,19,110,2,2,3,4,2,29,0,0,10,231,0
M. Jacobson,SUN,5,0,0,0,31,23,138,1,1,0,2,3,9,2,0,0,0,0
O. Jager,CRU,5,0,0,0,13,11,54,0,0,0,0,0,2,0,0,0,0,0
H. Jantjies,STO,5,3,1,15,275,12,135,0,1,0,5,1,228,0,0,30,666,3
H. Johnson-Holmes,WAR,5,1,0,5,24,15,55,7,1,0,5,0,8,0,0,0,0,0
A. Johnstone,HIG,5,0,0,0,11,5,10,0,0,0,2,0,3,0,0,0,0,0
M. Karpik,CHI,5,0,0,0,32,17,74,3,0,0,1,0,15,4,0,1,9,0
G. Koegelenberg,REB,5,0,0,0,27,18,57,2,0,0,1,0,12,6,0,0,0,0
M. Libbok,BUL,5,0,1,10,73,14,91,0,1,3,4,2,51,0,0,8,235,2
A. Lienert-Brown,CHI,5,2,0,10,64,44,259,0,4,0,10,7,26,0,0,1,21,0
D. Lienert-Brown,HIG,5,0,0,0,6,3,9,1,0,0,0,0,1,0,0,0,0,0
F. Lomani,REB,5,1,0,9,137,10,74,0,1,0,1,0,118,0,0,4,33,2
T. Lomax,HUR,5,0,0,0,16,12,54,1,0,0,2,0,3,0,0,0,0,0
R. Louwrens,REB,5,0,2,0,323,18,139,1,2,2,4,4,284,0,0,20,466,1
E. Ma'afu,SUN,5,1,0,5,34,23,98,3,0,0,1,1,11,0,0,0,0,0
G. Masimla,STO,5,1,0,5,72,4,19,0,0,0,2,2,62,0,0,5,101,1
R. McCauley,WAR,5,0,0,0,9,3,13,0,0,0,1,0,11,6,0,0,0,0
J. McKay,HIG,5,1,0,5,45,24,170,1,3,0,6,0,10,0,0,7,222,1
S. Medrano,JAG,5,0,0,0,15,13,30,0,0,0,1,0,2,0,0,0,0,0
M. Mikaele-Tu'u,HIG,5,0,0,0,49,35,331,2,4,1,9,4,24,13,1,0,0,0
A. Moli,CHI,5,0,0,0,26,22,77,3,0,0,3,1,5,0,0,0,0,0
A. Muirhead,BRU,5,0,2,0,31,21,179,0,2,0,5,1,8,0,0,0,0,0
S. Nakano,SUN,5,1,0,5,24,11,123,1,1,0,5,1,10,0,0,1,16,0
E. Narawa,BLU,5,0,0,0,21,13,90,1,2,0,1,0,5,0,0,2,39,0
J. Nareki,HIG,5,3,1,15,67,34,277,1,5,2,16,3,14,0,0,9,418,0
M. Nawaqanitawase,WAR,5,4,0,20,64,35,267,0,7,1,8,10,20,0,0,6,165,0
R. Paige,SUN,5,0,0,0,213,14,106,0,3,2,6,0,190,0,0,8,221,0
J. Parete,HIG,5,0,1,0,52,41,107,4,1,1,4,6,16,4,0,0,0,0
J. Parsons,BLU,5,0,0,0,27,16,55,2,0,0,1,1,8,0,0,0,0,0
B. Proctor,HUR,5,0,0,0,22,12,68,0,1,0,2,0,5,0,0,1,24,0
M. Rass,LIO,5,0,0,0,57,22,127,1,0,2,4,4,31,0,0,6,163,1
I. Rodda,RED,5,0,0,0,35,19,83,0,0,0,1,1,25,11,1,0,0,0
J. Schoeman,SHA,5,0,0,0,2,1,5,0,0,0,0,1,1,0,0,0,0,0
R. Schoeman,LIO,5,0,0,0,54,44,203,2,1,1,2,2,9,10,0,0,0,0
S. Scrafton,HUR,5,0,0,0,29,23,99,1,0,0,2,1,11,8,0,0,0,0
M. Short,WAR,5,0,0,0,213,2,5,0,0,0,0,0,199,0,0,4,103,0
R. Simmons,WAR,5,1,0,5,37,25,120,6,0,0,4,2,27,20,1,0,0,0
I. Simone,BRU,5,2,3,10,86,31,216,0,3,4,6,3,42,0,0,11,287,1
S. Sio,BRU,5,0,0,0,18,11,43,0,0,0,0,0,5,0,0,0,0,0
C. Skosan,LIO,5,2,0,10,33,19,131,0,2,0,6,1,9,0,0,2,26,1
B. Slater,CHI,5,0,0,0,12,6,20,1,0,0,0,0,3,0,0,0,0,0
A. Smith,HIG,5,1,0,8,329,18,112,0,1,2,2,0,263,0,0,41,873,2
P. Sowakula,CHI,5,1,1,5,56,36,183,5,1,1,5,3,20,1,0,0,0,0
G. Steenekamp,BUL,5,0,0,0,18,13,56,2,1,0,3,1,4,0,0,0,0,0
M. Tambwe,SHA,5,3,1,15,34,16,197,0,1,0,5,0,11,0,0,1,36,0
T. Tasi,SUN,5,1,0,5,30,21,160,0,3,1,6,6,11,0,0,1,17,0
C. Taylor,CRU,5,1,0,5,36,20,121,1,3,1,5,1,13,0,0,0,0,0
B. Te'o,SUN,5,0,1,0,76,41,230,0,0,3,10,7,30,0,0,4,98,0
N. Tetaz Chaparro,JAG,5,0,0,0,10,10,36,0,0,0,2,0,0,0,0,0,0,0
S. Tokolahi,HIG,5,0,0,0,19,16,59,0,0,1,2,1,4,0,0,0,0,0
M. To'omua,REB,5,0,2,36,124,14,93,0,0,6,2,4,64,0,0,40,1286,1
K. Trask,CHI,5,1,0,11,52,7,29,0,0,0,3,0,32,0,0,13,528,1
C. Van Zyl,STO,5,0,0,0,16,15,62,1,0,0,0,1,6,8,1,0,0,0
I. Walker-Leawere,HUR,5,0,0,0,26,18,95,1,0,0,4,2,18,9,3,0,0,0
J. Ward,SHA,5,0,0,0,12,7,41,0,0,1,1,3,7,0,0,0,0,0
B. Weber,CHI,5,3,1,15,250,19,146,1,3,2,8,2,205,0,0,25,590,2
T. Wright,BRU,5,4,0,20,31,19,266,1,4,1,8,3,8,0,0,2,39,0
D. Zander,RED,5,0,0,0,9,7,25,0,0,0,0,0,2,0,0,0,0,0
W. Alberts,LIO,4,0,0,0,33,23,85,0,0,0,2,2,7,4,0,0,0,0
M. Allardice,CHI,4,0,0,0,20,10,35,4,0,0,2,2,11,11,0,1,15,0
T. Ardron,CHI,4,0,0,0,27,17,62,2,0,0,1,0,17,16,1,0,0,0
F. Armstrong,HUR,4,0,0,0,10,8,26,0,0,0,0,0,1,0,0,0,0,0
S. Barrett,CRU,4,0,1,0,41,26,114,1,0,1,3,0,19,9,2,0,0,0
G. Bertranou,JAG,4,0,0,0,184,8,49,0,1,0,1,1,161,0,0,10,199,2
O. Black,BLU,4,0,1,42,109,12,70,0,0,7,3,1,70,0,0,27,777,0
S. Cancelliere,JAG,4,1,0,5,31,18,194,0,2,0,5,5,13,0,0,1,8,0
S. Carreras,JAG,4,1,1,5,62,32,311,0,5,1,10,5,23,0,0,7,278,0
T. Cubelli,JAG,4,1,0,5,223,10,74,0,2,1,4,1,192,0,0,16,442,1
T. Cusack,BRU,4,1,0,5,19,6,60,0,2,0,4,1,10,0,0,0,0,0
J. du Plessis,LIO,4,0,0,0,16,13,34,4,0,0,0,3,5,0,0,0,0,0
C. Eloff,REB,4,0,0,0,15,10,27,1,0,0,1,0,4,0,0,0,0,0
C. Els,BUL,4,0,0,0,11,9,27,0,0,1,1,0,2,0,0,0,0,0
A. Ferreira,BUL,4,0,0,0,21,18,61,0,0,0,0,0,3,3,0,0,0,0
S. Frizell,HIG,4,0,0,0,24,17,108,3,1,0,6,5,12,4,0,0,0,0
J. Gordon,WAR,4,0,1,0,203,12,85,0,1,1,6,1,172,0,0,16,434,0
F. Gorrissen,JAG,4,0,0,0,27,20,87,1,0,1,0,0,11,8,1,0,0,0
K. Hammington,HIG,4,0,0,0,66,3,3,0,0,0,0,0,59,0,0,2,53,0
D. Havili,CRU,4,0,2,30,94,39,355,2,4,6,21,13,47,0,0,14,308,2
S. Havili Talitui,CRU,4,2,0,10,25,19,121,1,2,0,9,1,6,1,1,0,0,0
D. Hunt,HIG,4,1,0,5,16,9,43,0,1,0,3,0,6,0,0,0,0,0
R. Ioane,BLU,4,4,2,20,81,43,336,0,9,2,18,4,33,0,0,1,20,0
J. Kruger,BUL,4,0,0,0,22,11,50,1,1,0,0,0,19,19,0,1,36,0
T. Lamborn,BLU,4,1,0,5,16,11,86,4,1,0,2,0,3,0,0,1,42,0
J. Lentjes,HIG,4,0,0,0,22,11,39,2,0,0,0,1,7,2,0,0,0,0
E. Lindenmuth,BLU,4,0,0,0,12,11,43,0,0,0,2,1,2,0,0,0,0,0
A. Makalio,CRU,4,0,0,0,14,11,54,0,0,0,0,1,4,0,0,0,0,0
J. Mallia,JAG,4,0,0,0,48,18,94,0,0,1,2,0,28,0,0,3,26,2
S. Malolua,RED,4,0,1,0,205,9,72,1,0,1,1,4,190,0,0,6,119,0
N. Mayhew,SUN,4,0,0,0,12,7,20,1,0,0,0,2,6,0,0,0,0,0
D. McKenzie,CHI,4,1,3,24,100,24,219,0,4,4,15,5,50,0,0,22,686,0
F. McReight,RED,4,0,0,0,31,21,136,0,1,1,5,2,10,0,0,0,0,0
S. Misa,REB,4,0,0,0,21,17,57,1,0,0,4,1,4,0,0,1,20,0
J. Moody,CRU,4,1,0,5,16,12,53,1,1,0,3,1,3,0,0,0,0,0
R. Mo'unga,CRU,4,1,1,14,117,14,179,0,2,3,1,2,83,0,0,20,496,1
S. Nunomaki,SUN,4,0,0,0,27,16,63,3,0,0,2,5,14,0,0,0,0,0
R. O'Neill,CHI,4,0,0,0,3,1,5,0,0,0,0,0,1,0,0,0,0,0
J. Pierce,BLU,4,0,0,0,27,21,63,4,0,0,1,1,7,6,0,0,0,0
P. Rakete-Stones,HUR,4,0,0,0,11,10,44,0,1,0,3,0,0,0,0,0,0,0
T. Robertson,WAR,4,0,0,0,12,7,22,2,0,0,2,1,4,0,0,0,0,0
D. Rossouw,BUL,4,0,1,0,15,6,54,0,1,0,4,1,5,0,0,5,193,1
J. Rudolph,BUL,4,1,0,5,28,21,102,4,1,1,4,0,4,0,0,1,27,0
J. Schickerling,STO,4,0,0,0,12,9,38,0,0,0,1,0,12,13,1,0,0,0
S. Socino,JAG,4,2,0,10,17,9,30,0,1,0,1,0,4,0,0,0,0,0
C. Solomon,STO,4,0,0,0,5,4,38,0,1,0,1,0,0,0,0,0,0,0
R. Steenkamp,BUL,4,0,0,0,20,14,59,2,0,0,1,0,5,2,0,0,0,0
S. Stevenson,CHI,4,3,3,15,45,21,281,2,5,0,7,3,12,0,0,12,405,2
T. Tahuriorangi,CHI,4,1,3,5,172,8,40,0,1,4,3,3,155,0,0,11,311,1
V. Tshituka,LIO,4,0,0,0,37,28,119,0,0,0,2,0,7,2,0,0,0,0
Q. Tupaea,CHI,4,1,0,5,30,21,215,0,3,0,14,1,6,0,0,1,51,0
T. Tupou,SUN,4,0,0,0,20,13,77,1,0,2,4,2,7,0,0,0,0,0
I. Tu'ungafasi,CRU,4,0,0,0,12,8,23,1,0,0,0,0,4,0,0,0,0,0
A. Vermaak,STO,4,0,0,0,1,1,7,0,0,0,1,0,0,0,0,0,0,0
S. Wainui,CHI,4,2,0,10,49,27,149,0,1,1,3,2,15,0,0,4,107,0
A. Warner,LIO,4,1,1,5,276,10,75,1,1,1,5,2,250,0,0,18,517,1
J. Whetton,HIG,4,0,0,0,10,7,25,0,0,0,0,0,6,5,0,0,0,0
C. Wiese,STO,4,0,0,0,7,5,16,1,0,0,0,0,1,2,0,0,0,0
M. Alemanno,JAG,3,0,0,0,10,7,31,0,0,0,1,0,6,12,1,0,0,0
A. Carroll,BLU,3,0,0,0,17,10,49,1,1,0,0,1,8,3,0,0,0,0
D. Coles,HUR,3,1,0,5,8,5,31,2,1,1,0,1,2,0,0,0,0,0
F. Daugunu,RED,3,0,0,0,18,16,121,0,1,1,5,2,2,0,0,0,0,0
J. de la Fuente,JAG,3,0,0,0,32,15,66,0,0,1,3,0,17,0,0,0,0,0
A. Deegan,REB,3,1,2,14,43,6,34,0,1,3,1,1,27,0,0,8,266,0
B. Delguy,JAG,3,0,0,0,31,22,169,1,2,0,6,1,6,0,0,1,28,0
J. Diaz Bonilla,JAG,3,0,5,11,73,4,29,0,1,2,2,1,43,0,0,23,652,0
J. Dickson,HIG,3,0,0,0,16,13,47,0,0,0,0,0,19,18,1,0,0,0
W. Douglas,CRU,3,0,0,0,36,21,76,1,0,0,0,4,25,12,2,0,0,0
T. English,REB,3,0,0,0,21,12,74,0,1,0,1,4,11,0,0,2,20,1
C. Eves,SUN,3,0,0,0,18,13,33,2,0,1,1,2,6,0,0,0,0,0
F. Fainga'a,BRU,3,5,0,25,23,15,54,0,2,0,4,1,5,0,0,0,0,0
J. Garden-Bachop,HUR,3,0,1,2,66,9,83,0,0,1,0,1,37,0,0,21,742,0
J. Goodhue,BLU,3,0,0,0,16,11,35,0,0,0,0,0,7,3,0,0,0,0
R. Hodge,REB,3,0,0,2,13,8,36,0,0,1,0,0,2,0,0,2,81,0
H. Hoopert,RED,3,1,0,5,8,5,27,1,0,0,2,0,3,0,0,0,0,0
A. Ioane,BLU,3,1,0,5,18,14,47,2,1,0,2,1,5,1,0,0,0,0
W. Jordan,CRU,3,2,0,10,54,24,212,2,3,2,6,2,20,0,0,10,257,1
B. Kuenzle,BRU,3,0,0,0,4,0,0,0,0,0,0,0,2,0,0,2,79,0
H. Lloyd,BRU,3,0,0,0,0,0,0,0,0,0,0,0,0,0,0,0,0,0
L. Lonergan,BRU,3,0,0,0,6,3,9,0,0,0,0,0,0,0,0,0,0,0
L. Milo-Harris,CHI,3,0,0,0,14,0,0,0,0,0,0,0,13,0,0,0,0,0
J. Nasser,RED,3,1,0,5,5,3,32,0,0,0,0,0,1,0,0,0,0,0
S. Nkosi,SHA,3,1,0,5,21,12,84,0,0,0,3,0,3,0,0,4,163,0
B. Odendaal,BUL,3,0,0,0,31,16,112,0,2,1,2,3,10,0,0,4,96,1
J. Ortega Desio,JAG,3,1,0,5,6,4,27,0,0,0,2,1,4,1,0,0,0,0
R. Pieterse,BUL,3,0,0,0,8,7,34,0,0,0,0,0,0,0,0,0,0,0
J. Ramm,WAR,3,1,0,5,24,15,181,0,3,0,6,0,3,0,0,3,133,0
S. Reynolds,LIO,3,0,0,0,14,10,47,0,0,1,1,2,5,0,0,0,0,0
R. Riccitelli,HUR,3,0,0,0,16,8,33,1,0,0,0,0,6,0,0,0,0,0
T. Ross,BRU,3,0,0,0,7,6,19,0,0,0,0,0,1,0,0,0,0,0
W. Simelane,LIO,3,0,0,0,24,18,109,0,0,1,2,0,6,0,0,1,25,0
R. Smith,REB,3,0,0,0,16,10,39,0,0,0,4,1,7,0,0,0,0,0
M. Sorovi,RED,3,0,0,0,19,2,21,0,0,0,1,0,15,0,0,1,51,0
T. Strang,REB,3,0,1,0,20,3,24,0,0,1,1,1,20,0,0,0,0,0
D. Swain,BRU,3,0,0,0,11,7,25,1,0,0,0,0,10,11,0,0,0,0
R. Thompson,HIG,3,0,2,0,38,22,140,2,2,2,7,3,14,0,0,3,81,0
J. Ulengo,LIO,3,1,0,5,32,24,217,1,2,0,1,0,3,0,0,3,109,0
M. van Staden,BUL,3,1,0,5,39,31,121,3,0,1,8,2,9,0,0,0,0,0
K. van Wyk,HUR,3,4,0,20,27,18,133,1,3,0,10,1,7,0,0,0,0,0
R. Vermaak,LIO,3,0,1,0,25,12,44,0,0,1,0,0,10,0,0,0,0,0
W. Vosloo,BUL,3,0,0,0,8,6,15,1,0,0,0,0,1,1,0,0,0,0
T. Walden,HIG,3,0,1,0,9,4,26,0,0,1,0,0,5,0,0,0,0,0
K. Blose,STO,2,0,0,0,0,0,0,0,0,0,0,0,0,0,0,0,0,0
P. Buthelezi,SHA,2,0,0,0,4,4,11,0,0,0,0,1,2,1,0,0,0,0
G. Cowley-Tuioti,BLU,2,1,0,5,15,12,55,0,0,0,1,0,5,4,0,0,0,0
E. Craig,RED,2,1,0,5,1,0,0,0,0,0,0,0,0,0,0,0,0,0
A. Creevy,JAG,2,2,0,10,15,11,51,1,1,0,4,0,0,0,0,0,0,0
P. de Wet,STO,2,1,0,5,37,2,18,0,0,0,1,0,30,0,0,3,78,0
E. Enari,CRU,2,0,0,0,92,1,4,0,0,0,0,0,86,0,0,4,98,0
F. Ezcurra,JAG,2,0,0,0,57,2,6,0,0,0,0,1,51,0,0,4,133,0
T. Fainga'anuku,HIG,2,0,0,0,12,8,106,0,0,0,3,1,3,0,0,0,0,0
N. Frost,BRU,2,0,0,0,1,1,1,0,0,0,0,0,0,0,0,0,0,0
J. Grobbelaar,BUL,2,0,0,0,11,6,16,2,0,0,0,0,4,0,0,0,0,0
J. Groenewald,BUL,2,0,0,0,10,7,26,0,0,0,0,0,3,1,0,0,0,0
J. Hyland,BLU,2,0,0,0,12,9,77,0,0,1,1,0,2,0,0,0,0,0
B. Hyne,SUN,2,1,0,5,11,10,44,0,1,0,2,1,4,2,0,0,0,0
M. Louw,SHA,2,0,0,0,5,3,28,0,0,0,0,0,2,0,0,0,0,0
T. Mafileo,HUR,2,0,0,0,1,1,3,0,0,0,0,0,0,0,0,0,0,0
C. Magnay,REB,2,0,0,0,11,8,55,1,0,0,0,0,2,0,0,0,0,0
M. Majola,SHA,2,1,0,5,8,5,29,0,1,0,3,0,2,0,0,0,0,0
T. Manu,CHI,2,1,0,5,12,8,125,0,1,0,3,2,5,0,0,2,79,0
M. Mataele,CRU,2,0,0,0,12,4,33,0,1,1,3,2,5,0,0,2,84,0
D. Matthews,LIO,2,0,0,0,24,13,78,0,0,0,2,1,10,0,0,1,48,0
B. May,HUR,2,0,0,0,1,0,0,0,0,0,0,0,1,0,0,0,0,0
B. McAlister,CRU,2,0,1,0,13,9,34,1,0,0,2,1,5,0,0,0,0,0
L. McCaffrey,BRU,2,0,0,0,5,3,9,0,0,0,0,0,2,0,0,0,0,0
M. McDonald,WAR,2,0,0,0,31,0,0,0,0,0,0,0,30,0,0,0,0,0
D. McLeod,CRU,2,0,0,0,34,12,119,0,3,1,2,0,17,0,0,0,0,0
L. Mvovo,SHA,2,0,0,0,9,6,46,0,0,0,0,0,1,0,0,0,0,0
A. Nonkontwana,BUL,2,0,0,0,5,2,12,0,0,0,0,0,3,4,0,0,0,0
X. Numia,HUR,2,0,0,0,9,8,41,0,0,0,0,0,1,0,0,0,0,0
B. O'Connor,SUN,2,0,0,0,7,1,5,0,0,0,0,0,4,2,0,0,0,0
R. O'Connor,WAR,2,0,0,0,3,2,6,0,0,0,0,1,1,0,0,0,0,0
C. O'Donnell,HIG,2,0,0,0,8,8,24,1,0,0,2,0,0,0,0,0,0,0
J. Ogura,SUN,2,0,0,7,26,5,29,0,0,1,0,1,19,0,0,1,15,0
R. Pasitoa,BRU,2,0,0,2,8,3,25,0,1,0,0,0,4,0,0,0,0,0
J. Petaia,RED,2,0,0,0,15,14,103,1,0,0,3,3,3,0,0,0,0,0
R. Pretorius,STO,2,0,0,0,3,1,5,0,0,0,0,0,2,0,0,0,0,0
R. Prinsep,HUR,2,0,0,0,16,12,49,0,0,0,0,0,5,2,0,0,0,0
T. Pulu,BRU,2,1,0,5,8,6,57,0,2,1,4,1,1,0,0,0,0,0
M. Renata,BLU,2,0,0,0,1,1,6,0,0,0,1,0,0,0,0,0,0,0
D. Richardson,SHA,2,1,0,5,19,11,59,1,1,0,5,0,2,0,0,0,0,0
M. Selby-Rickit,HIG,2,0,0,0,14,11,48,0,0,0,1,1,5,3,0,0,0,0
D. Smit,LIO,2,0,0,0,53,0,0,0,0,0,0,0,53,0,0,0,0,0
P. Tafa,WAR,2,0,0,0,11,9,32,1,0,0,2,0,3,2,0,0,0,0
Y. Takeda,SUN,2,0,0,0,13,4,48,0,0,0,2,2,7,0,0,2,50,0
J. Thwaites,HIG,2,0,0,0,2,2,8,0,0,0,0,0,0,0,0,0,0,0
L. Tolai,BLU,2,0,0,0,4,3,17,0,0,0,0,0,1,0,0,0,0,0
N. Tui'tavake,BUL,2,0,0,0,19,14,93,0,0,0,3,1,4,0,0,0,0,0
J. Uelese,REB,2,0,0,0,2,2,4,0,0,0,0,0,0,0,0,0,0,0
S. Uru,RED,2,0,0,0,1,1,3,1,0,0,0,0,1,1,0,0,0,0
M. Uys,BUL,2,0,1,0,17,14,80,1,1,0,2,0,4,2,0,0,0,0
F. van Wyk,LIO,2,0,0,0,7,2,3,0,0,0,0,0,3,0,0,0,0,0
T. Albornoz,JAG,1,0,0,2,2,0,0,0,0,0,0,0,0,0,0,2,140,0
L. Apisai,SUN,1,0,0,0,1,1,1,0,0,0,0,0,0,0,0,0,0,0
F. Burke,CRU,1,1,0,9,11,4,17,0,1,0,2,0,5,0,0,0,0,0
M. Carreras,JAG,1,0,0,0,19,10,80,0,1,0,2,1,5,0,0,6,224,0
B. Chamberlain,SHA,1,0,0,2,2,0,0,0,0,0,0,0,1,0,0,1,44,0
C. Clark,WAR,1,0,0,0,5,1,4,0,0,0,0,0,3,0,0,0,0,0
R. Coxon,CHI,1,0,0,0,0,0,0,0,0,0,0,0,0,0,0,0,0,0
J. Diaz,JAG,1,0,0,0,2,1,2,0,0,0,0,0,0,0,0,0,0,0
T. Falcon,CHI,1,0,0,0,7,2,14,0,0,0,0,1,6,0,0,0,0,0
F. Fotuaika,RED,1,0,0,0,0,0,0,0,0,0,0,0,0,0,0,0,0,0
S. Gregory,HIG,1,1,0,5,4,2,18,0,1,0,1,0,1,0,0,0,0,0
S. Grondona,JAG,1,0,0,0,4,2,14,0,0,1,0,0,2,0,0,0,0,0
A. Hodgman,BLU,1,0,0,0,4,4,16,0,0,0,1,0,0,0,0,0,0,0
A. Horan,SUN,1,0,0,0,4,3,28,0,0,0,1,0,0,0,0,0,0,0
L. Ikitau,BRU,1,0,0,0,2,1,5,0,0,0,1,0,1,0,0,0,0,0
J. Iosefa-Scott,HIG,1,0,0,0,0,0,0,0,0,0,0,0,0,0,0,0,0,0
J. Jackson-Hope,SUN,1,0,0,0,11,6,56,0,0,0,1,1,4,0,0,1,42,0
L. Jacobson,CHI,1,0,0,0,2,2,9,0,0,0,1,0,1,1,0,0,0,0
M. Jansen van Vuuren,BUL,1,0,0,0,1,0,0,0,0,0,0,0,1,0,0,0,0,0
L. Jones,REB,1,0,0,0,5,2,12,0,0,0,0,0,4,3,0,0,0,0
T. Kimura,SUN,1,0,0,0,1,0,0,0,0,0,0,0,1,0,0,0,0,0
S. Kolisi,STO,1,0,0,0,3,2,11,0,0,0,0,0,1,0,0,0,0,0
K. Kuridrani,HIG,1,0,0,0,5,4,35,0,0,0,1,1,2,0,0,0,0,0
N. Laulala,CHI,1,0,0,0,1,0,0,0,0,0,0,0,1,0,0,0,0,0
O. Leger,CHI,1,0,0,0,7,3,21,0,0,0,1,0,5,1,0,0,0,0
S. Lisala,WAR,1,0,0,0,1,1,5,0,0,0,0,0,0,0,0,0,0,0
D. Maka,CHI,1,0,0,0,2,1,7,0,0,0,0,0,0,0,0,0,0,0
J. Marshall,HUR,1,0,0,0,8,2,6,0,0,0,0,0,6,0,0,0,0,0
S. Matanzima,BUL,1,0,0,0,5,4,12,0,0,0,1,0,0,0,0,0,0,0
B. Mbonambi,STO,1,0,0,0,4,4,17,0,0,0,1,0,0,0,0,0,0,0
S. McNicol,CHI,1,0,0,0,6,2,15,0,0,0,1,0,1,0,0,2,108,0
D. Meihuzen,STO,1,0,0,0,3,3,7,1,0,0,0,0,1,1,0,0,0,0
L. Mitchell,HUR,1,0,0,0,2,0,0,0,0,0,0,0,0,0,1,0,0,0
T. Moeroa,WAR,1,0,0,0,3,3,17,0,0,0,0,1,1,0,0,0,0,0
F. Naude,BUL,1,0,0,0,8,6,57,0,0,2,2,2,2,0,0,0,0,0
D. Nel,CHI,1,0,0,0,5,2,15,0,0,0,1,0,4,1,0,0,0,0
R. Niuia,BLU,1,0,0,0,7,5,18,0,0,0,2,0,2,0,0,0,0,0
O. Norris,CHI,1,0,0,0,0,0,0,0,0,0,0,0,0,0,0,0,0,0
M. Orlando,JAG,1,0,0,0,5,2,14,0,0,0,0,0,2,0,0,0,0,0
B. Paenga-Amosa,RED,1,0,0,0,3,3,4,0,0,0,0,0,0,0,0,0,0,0
P. Parkinson,HIG,1,0,0,0,3,2,4,0,0,0,0,0,1,0,0,0,0,0
J. Pedemonte,JAG,1,0,0,0,0,0,0,0,0,0,0,0,0,0,0,0,0,0
N. Punivai,HIG,1,0,0,0,6,4,28,0,0,0,2,0,1,0,0,0,0,0
H. Roach,CRU,1,0,0,0,4,3,9,0,0,0,0,1,2,0,0,0,0,0
E. Roots,CRU,1,0,0,0,1,1,6,0,0,0,0,0,0,0,0,0,0,0
F. Sa'aga,REB,1,0,0,0,5,3,9,1,0,0,0,0,2,0,0,0,0,0
L. Sordoni,JAG,1,0,0,0,2,2,2,0,0,0,0,0,0,0,0,0,0,0
T. Swanepoel,LIO,1,0,0,0,15,6,25,0,0,0,0,0,4,0,0,2,106,0
A. Ta'avao,CHI,1,0,0,0,1,1,0,0,0,0,0,0,0,0,0,0,0,0
C. Talakai,WAR,1,0,0,0,2,0,0,0,0,0,0,0,2,0,0,0,0,0
J. Taumateine,HUR,1,0,0,0,20,3,26,0,0,0,2,1,18,0,0,0,0,0
C. Thomas,SUN,1,0,0,0,1,0,0,0,0,0,0,0,1,1,0,0,0,0
A. Thomson,CHI,1,0,0,0,5,2,4,1,0,0,0,0,7,6,0,0,0,0
C. Tiatia,HUR,1,2,2,12,19,6,84,0,3,1,3,1,11,0,0,1,36,0
C. Tizzano,WAR,1,0,0,0,2,2,14,1,0,0,0,0,0,0,0,0,0,0
P. Tomkinson,HIG,1,0,0,0,3,2,21,0,0,0,0,0,0,0,0,1,46,0
A. Tuala,WAR,1,0,0,0,4,3,16,0,0,0,0,0,1,0,0,0,0,0
J. Tuculet,JAG,1,1,1,5,16,7,28,0,1,1,0,2,7,0,0,2,54,0
P. Umaga-Jensen,HUR,1,0,0,0,1,1,12,0,0,0,0,0,0,0,0,0,0,0
J. Walsh,BLU,1,0,0,0,0,0,0,0,0,0,0,0,0,0,0,0,0,0
K. Yoshida,SUN,1,0,0,0,3,2,9,0,0,0,0,0,1,0,0,0,0,0
